Offset,Chord,NormalForm,PCsInNormalForm,File,measureNumber,beatNumber,Composer
0,<music21.chord.Chord E3>,[0],[4],AlariodelRio_Sol_Sostenido.xml,1,1.000,AlariodelRio
0.5,<music21.chord.Chord A#3>,[0],[10],AlariodelRio_Sol_Sostenido.xml,1,1.250,AlariodelRio
1,<music21.chord.Chord G#3>,[0],[8],AlariodelRio_Sol_Sostenido.xml,1,1.500,AlariodelRio
1.5,<music21.chord.Chord D#3>,[0],[3],AlariodelRio_Sol_Sostenido.xml,1,1.750,AlariodelRio
2,<music21.chord.Chord A#3>,[0],[10],AlariodelRio_Sol_Sostenido.xml,1,2.000,AlariodelRio
2.5,<music21.chord.Chord A#2>,[0],[10],AlariodelRio_Sol_Sostenido.xml,1,2.250,AlariodelRio
3,<music21.chord.Chord E3>,[0],[4],AlariodelRio_Sol_Sostenido.xml,1,2.500,AlariodelRio
3.5,<music21.chord.Chord A#3>,[0],[10],AlariodelRio_Sol_Sostenido.xml,1,2.750,AlariodelRio
4,<music21.chord.Chord G#3>,[0],[8],AlariodelRio_Sol_Sostenido.xml,1,3.000,AlariodelRio
4.5,<music21.chord.Chord D#3>,[0],[3],AlariodelRio_Sol_Sostenido.xml,1,3.250,AlariodelRio
5,<music21.chord.Chord A#3>,[0],[10],AlariodelRio_Sol_Sostenido.xml,1,3.500,AlariodelRio
5.5,<music21.chord.Chord A#2>,[0],[10],AlariodelRio_Sol_Sostenido.xml,1,3.750,AlariodelRio
6,<music21.chord.Chord E3>,[0],[4],AlariodelRio_Sol_Sostenido.xml,2,1.000,AlariodelRio
6.5,<music21.chord.Chord A#3>,[0],[10],AlariodelRio_Sol_Sostenido.xml,2,1.250,AlariodelRio
7,<music21.chord.Chord G#3>,[0],[8],AlariodelRio_Sol_Sostenido.xml,2,1.500,AlariodelRio
7.5,<music21.chord.Chord D#3>,[0],[3],AlariodelRio_Sol_Sostenido.xml,2,1.750,AlariodelRio
8,<music21.chord.Chord A#3>,[0],[10],AlariodelRio_Sol_Sostenido.xml,2,2.000,AlariodelRio
8.5,<music21.chord.Chord A#2>,[0],[10],AlariodelRio_Sol_Sostenido.xml,2,2.250,AlariodelRio
9,<music21.chord.Chord G#2 E5>,"[0, 4]","[4, 8]",AlariodelRio_Sol_Sostenido.xml,2,2.500,AlariodelRio
9.5,<music21.chord.Chord B2 E5>,"[0, -7]","[11, 4]",AlariodelRio_Sol_Sostenido.xml,2,2.750,AlariodelRio
10,<music21.chord.Chord G#3 E5>,"[0, 4]","[4, 8]",AlariodelRio_Sol_Sostenido.xml,2,3.000,AlariodelRio
10.5,<music21.chord.Chord G#2 E5>,"[0, 4]","[4, 8]",AlariodelRio_Sol_Sostenido.xml,2,3.250,AlariodelRio
11,<music21.chord.Chord F#3 E5>,"[0, 2]","[4, 6]",AlariodelRio_Sol_Sostenido.xml,2,3.500,AlariodelRio
11.5,<music21.chord.Chord B2 E5>,"[0, -7]","[11, 4]",AlariodelRio_Sol_Sostenido.xml,2,3.750,AlariodelRio
12,<music21.chord.Chord E5>,[0],[4],AlariodelRio_Sol_Sostenido.xml,3,1.000,AlariodelRio
13,<music21.chord.Chord E5>,[0],[4],AlariodelRio_Sol_Sostenido.xml,3,1.500,AlariodelRio
14,<music21.chord.Chord F#3 E5>,"[0, 2]","[4, 6]",AlariodelRio_Sol_Sostenido.xml,3,2.000,AlariodelRio
14.5,<music21.chord.Chord G#2 E5>,"[0, 4]","[4, 8]",AlariodelRio_Sol_Sostenido.xml,3,2.250,AlariodelRio
15,<music21.chord.Chord C#3 E5>,"[0, 3]","[1, 4]",AlariodelRio_Sol_Sostenido.xml,3,2.500,AlariodelRio
15.5,<music21.chord.Chord B2 E5>,"[0, -7]","[11, 4]",AlariodelRio_Sol_Sostenido.xml,3,2.750,AlariodelRio
16,<music21.chord.Chord D#3 E5>,"[0, 1]","[3, 4]",AlariodelRio_Sol_Sostenido.xml,3,3.000,AlariodelRio
16.5,<music21.chord.Chord D#3 E5>,"[0, 1]","[3, 4]",AlariodelRio_Sol_Sostenido.xml,3,3.250,AlariodelRio
17,<music21.chord.Chord B2 E5>,"[0, -7]","[11, 4]",AlariodelRio_Sol_Sostenido.xml,3,3.500,AlariodelRio
17.5,<music21.chord.Chord A#2 E5>,"[0, 6]","[4, 10]",AlariodelRio_Sol_Sostenido.xml,3,3.750,AlariodelRio
18,<music21.chord.Chord F#3 E5>,"[0, 2]","[4, 6]",AlariodelRio_Sol_Sostenido.xml,4,1.000,AlariodelRio
18.5,<music21.chord.Chord E3 E5>,[0],[4],AlariodelRio_Sol_Sostenido.xml,4,1.250,AlariodelRio
19,<music21.chord.Chord E3 E5>,[0],[4],AlariodelRio_Sol_Sostenido.xml,4,1.500,AlariodelRio
19.5,<music21.chord.Chord A#3 E5>,"[0, 6]","[4, 10]",AlariodelRio_Sol_Sostenido.xml,4,1.750,AlariodelRio
20,<music21.chord.Chord G#3 E5>,"[0, 4]","[4, 8]",AlariodelRio_Sol_Sostenido.xml,4,2.000,AlariodelRio
20.5,<music21.chord.Chord D#3 E5>,"[0, 1]","[3, 4]",AlariodelRio_Sol_Sostenido.xml,4,2.250,AlariodelRio
21,<music21.chord.Chord A#3 A#5>,[0],[10],AlariodelRio_Sol_Sostenido.xml,4,2.500,AlariodelRio
21.5,<music21.chord.Chord A#2 A#5>,[0],[10],AlariodelRio_Sol_Sostenido.xml,4,2.750,AlariodelRio
22,<music21.chord.Chord E3 A#5>,"[0, 6]","[4, 10]",AlariodelRio_Sol_Sostenido.xml,4,3.000,AlariodelRio
22.5,<music21.chord.Chord A#3 A#5>,[0],[10],AlariodelRio_Sol_Sostenido.xml,4,3.250,AlariodelRio
23,<music21.chord.Chord G#3 A#5>,"[0, 2]","[8, 10]",AlariodelRio_Sol_Sostenido.xml,4,3.500,AlariodelRio
23.5,<music21.chord.Chord D#3 A#5>,"[0, -7]","[10, 3]",AlariodelRio_Sol_Sostenido.xml,4,3.750,AlariodelRio
24,<music21.chord.Chord A#3 A#5>,[0],[10],AlariodelRio_Sol_Sostenido.xml,5,1.000,AlariodelRio
24.5,<music21.chord.Chord A#2 A#5>,[0],[10],AlariodelRio_Sol_Sostenido.xml,5,1.250,AlariodelRio
25,<music21.chord.Chord E3 A#5>,"[0, 6]","[4, 10]",AlariodelRio_Sol_Sostenido.xml,5,1.500,AlariodelRio
25.5,<music21.chord.Chord A#3 A#5>,[0],[10],AlariodelRio_Sol_Sostenido.xml,5,1.750,AlariodelRio
26,<music21.chord.Chord G#3 A#5>,"[0, 2]","[8, 10]",AlariodelRio_Sol_Sostenido.xml,5,2.000,AlariodelRio
26.5,<music21.chord.Chord D#3 A#5>,"[0, -7]","[10, 3]",AlariodelRio_Sol_Sostenido.xml,5,2.250,AlariodelRio
27,<music21.chord.Chord A#3 A#5>,[0],[10],AlariodelRio_Sol_Sostenido.xml,5,2.500,AlariodelRio
27.5,<music21.chord.Chord A#2 A#5>,[0],[10],AlariodelRio_Sol_Sostenido.xml,5,2.750,AlariodelRio
28,<music21.chord.Chord G#2 A#5>,"[0, 2]","[8, 10]",AlariodelRio_Sol_Sostenido.xml,5,3.000,AlariodelRio
28.5,<music21.chord.Chord B2 A#5>,"[0, 1]","[10, 11]",AlariodelRio_Sol_Sostenido.xml,5,3.250,AlariodelRio
29,<music21.chord.Chord G#3 A#5>,"[0, 2]","[8, 10]",AlariodelRio_Sol_Sostenido.xml,5,3.500,AlariodelRio
29.5,<music21.chord.Chord G#2 A#5>,"[0, 2]","[8, 10]",AlariodelRio_Sol_Sostenido.xml,5,3.750,AlariodelRio
30,<music21.chord.Chord F#3 A#5>,"[0, 4]","[6, 10]",AlariodelRio_Sol_Sostenido.xml,6,1.000,AlariodelRio
30.5,<music21.chord.Chord B2 A#5>,"[0, 1]","[10, 11]",AlariodelRio_Sol_Sostenido.xml,6,1.250,AlariodelRio
31,<music21.chord.Chord A#5>,[0],[10],AlariodelRio_Sol_Sostenido.xml,6,1.500,AlariodelRio
33,<music21.chord.Chord F#3 A#5>,"[0, 4]","[6, 10]",AlariodelRio_Sol_Sostenido.xml,6,2.500,AlariodelRio
33.5,<music21.chord.Chord G#2 A#5>,"[0, 2]","[8, 10]",AlariodelRio_Sol_Sostenido.xml,6,2.750,AlariodelRio
34,<music21.chord.Chord C#3 A#5>,"[0, -9]","[10, 1]",AlariodelRio_Sol_Sostenido.xml,6,3.000,AlariodelRio
34.5,<music21.chord.Chord B2 A#5>,"[0, 1]","[10, 11]",AlariodelRio_Sol_Sostenido.xml,6,3.250,AlariodelRio
35,<music21.chord.Chord D#3 A#5>,"[0, -7]","[10, 3]",AlariodelRio_Sol_Sostenido.xml,6,3.500,AlariodelRio
35.5,<music21.chord.Chord D#3 A#5>,"[0, -7]","[10, 3]",AlariodelRio_Sol_Sostenido.xml,6,3.750,AlariodelRio
36,<music21.chord.Chord B2 A#5>,"[0, 1]","[10, 11]",AlariodelRio_Sol_Sostenido.xml,7,1.000,AlariodelRio
36.5,<music21.chord.Chord A#2 A#5>,[0],[10],AlariodelRio_Sol_Sostenido.xml,7,1.250,AlariodelRio
37,<music21.chord.Chord F#3 A#5>,"[0, 4]","[6, 10]",AlariodelRio_Sol_Sostenido.xml,7,1.500,AlariodelRio
37.5,<music21.chord.Chord E3 A#5>,"[0, 6]","[4, 10]",AlariodelRio_Sol_Sostenido.xml,7,1.750,AlariodelRio
38,<music21.chord.Chord E3 A#5>,"[0, 6]","[4, 10]",AlariodelRio_Sol_Sostenido.xml,7,2.000,AlariodelRio
38.5,<music21.chord.Chord A#3 A#5>,[0],[10],AlariodelRio_Sol_Sostenido.xml,7,2.250,AlariodelRio
39,<music21.chord.Chord G#3 G#5>,[0],[8],AlariodelRio_Sol_Sostenido.xml,7,2.500,AlariodelRio
39.5,<music21.chord.Chord D#3 G#5>,"[0, 5]","[3, 8]",AlariodelRio_Sol_Sostenido.xml,7,2.750,AlariodelRio
40,<music21.chord.Chord A#3 G#5>,"[0, 2]","[8, 10]",AlariodelRio_Sol_Sostenido.xml,7,3.000,AlariodelRio
40.5,<music21.chord.Chord A#2 G#5>,"[0, 2]","[8, 10]",AlariodelRio_Sol_Sostenido.xml,7,3.250,AlariodelRio
41,<music21.chord.Chord E3 G#5>,"[0, 4]","[4, 8]",AlariodelRio_Sol_Sostenido.xml,7,3.500,AlariodelRio
41.5,<music21.chord.Chord A#3 G#5>,"[0, 2]","[8, 10]",AlariodelRio_Sol_Sostenido.xml,7,3.750,AlariodelRio
42,<music21.chord.Chord G#3 G#5>,[0],[8],AlariodelRio_Sol_Sostenido.xml,8,1.000,AlariodelRio
42.5,<music21.chord.Chord D#3 G#5>,"[0, 5]","[3, 8]",AlariodelRio_Sol_Sostenido.xml,8,1.250,AlariodelRio
43,<music21.chord.Chord A#3 G#5>,"[0, 2]","[8, 10]",AlariodelRio_Sol_Sostenido.xml,8,1.500,AlariodelRio
43.5,<music21.chord.Chord A#2 G#5>,"[0, 2]","[8, 10]",AlariodelRio_Sol_Sostenido.xml,8,1.750,AlariodelRio
44,<music21.chord.Chord E3 G#5>,"[0, 4]","[4, 8]",AlariodelRio_Sol_Sostenido.xml,8,2.000,AlariodelRio
44.5,<music21.chord.Chord A#3 G#5>,"[0, 2]","[8, 10]",AlariodelRio_Sol_Sostenido.xml,8,2.250,AlariodelRio
45,<music21.chord.Chord G#3 G#5>,[0],[8],AlariodelRio_Sol_Sostenido.xml,8,2.500,AlariodelRio
45.5,<music21.chord.Chord D#3 G#5>,"[0, 5]","[3, 8]",AlariodelRio_Sol_Sostenido.xml,8,2.750,AlariodelRio
46,<music21.chord.Chord A#3 G#5>,"[0, 2]","[8, 10]",AlariodelRio_Sol_Sostenido.xml,8,3.000,AlariodelRio
46.5,<music21.chord.Chord A#2 G#5>,"[0, 2]","[8, 10]",AlariodelRio_Sol_Sostenido.xml,8,3.250,AlariodelRio
47,<music21.chord.Chord G#2 G#5>,[0],[8],AlariodelRio_Sol_Sostenido.xml,8,3.500,AlariodelRio
47.5,<music21.chord.Chord B2 G#5>,"[0, 3]","[8, 11]",AlariodelRio_Sol_Sostenido.xml,8,3.750,AlariodelRio
48,<music21.chord.Chord G#3 G#5>,[0],[8],AlariodelRio_Sol_Sostenido.xml,9,1.000,AlariodelRio
48.5,<music21.chord.Chord G#2 G#5>,[0],[8],AlariodelRio_Sol_Sostenido.xml,9,1.250,AlariodelRio
49,<music21.chord.Chord F#3 G#5>,"[0, 2]","[6, 8]",AlariodelRio_Sol_Sostenido.xml,9,1.500,AlariodelRio
49.5,<music21.chord.Chord B2 G#5>,"[0, 3]","[8, 11]",AlariodelRio_Sol_Sostenido.xml,9,1.750,AlariodelRio
50,<music21.chord.Chord G#5>,[0],[8],AlariodelRio_Sol_Sostenido.xml,9,2.000,AlariodelRio
51,<music21.chord.Chord G#5>,[0],[8],AlariodelRio_Sol_Sostenido.xml,9,2.500,AlariodelRio
52,<music21.chord.Chord F#3 G#5>,"[0, 2]","[6, 8]",AlariodelRio_Sol_Sostenido.xml,9,3.000,AlariodelRio
52.5,<music21.chord.Chord G#2 G#5>,[0],[8],AlariodelRio_Sol_Sostenido.xml,9,3.250,AlariodelRio
53,<music21.chord.Chord C#3 G#5>,"[0, -7]","[8, 1]",AlariodelRio_Sol_Sostenido.xml,9,3.500,AlariodelRio
53.5,<music21.chord.Chord B2 G#5>,"[0, 3]","[8, 11]",AlariodelRio_Sol_Sostenido.xml,9,3.750,AlariodelRio
54,<music21.chord.Chord D#3 G#5>,"[0, 5]","[3, 8]",AlariodelRio_Sol_Sostenido.xml,10,1.000,AlariodelRio
54.5,<music21.chord.Chord D#3 G#5>,"[0, 5]","[3, 8]",AlariodelRio_Sol_Sostenido.xml,10,1.250,AlariodelRio
55,<music21.chord.Chord B2>,[0],[11],AlariodelRio_Sol_Sostenido.xml,10,1.500,AlariodelRio
55.5,<music21.chord.Chord A#2>,[0],[10],AlariodelRio_Sol_Sostenido.xml,10,1.750,AlariodelRio
56,<music21.chord.Chord F#3>,[0],[6],AlariodelRio_Sol_Sostenido.xml,10,2.000,AlariodelRio
56.5,<music21.chord.Chord E3>,[0],[4],AlariodelRio_Sol_Sostenido.xml,10,2.250,AlariodelRio
60,<music21.chord.Chord D#3>,[0],[3],AlariodelRio_Sol_Sostenido.xml,11,1.000,AlariodelRio
60.5,<music21.chord.Chord C#3>,[0],[1],AlariodelRio_Sol_Sostenido.xml,11,1.250,AlariodelRio
61,<music21.chord.Chord E3>,[0],[4],AlariodelRio_Sol_Sostenido.xml,11,1.500,AlariodelRio
63.5,<music21.chord.Chord E3>,[0],[4],AlariodelRio_Sol_Sostenido.xml,11,2.750,AlariodelRio
64,<music21.chord.Chord E3>,[0],[4],AlariodelRio_Sol_Sostenido.xml,11,3.000,AlariodelRio
64.5,<music21.chord.Chord F#3>,[0],[6],AlariodelRio_Sol_Sostenido.xml,11,3.250,AlariodelRio
65,<music21.chord.Chord D#3>,[0],[3],AlariodelRio_Sol_Sostenido.xml,11,3.500,AlariodelRio
65.5,<music21.chord.Chord C#3>,[0],[1],AlariodelRio_Sol_Sostenido.xml,11,3.750,AlariodelRio
66,<music21.chord.Chord E3>,[0],[4],AlariodelRio_Sol_Sostenido.xml,12,1.000,AlariodelRio
68.5,<music21.chord.Chord E3>,[0],[4],AlariodelRio_Sol_Sostenido.xml,12,2.250,AlariodelRio
69,<music21.chord.Chord E3>,[0],[4],AlariodelRio_Sol_Sostenido.xml,12,2.500,AlariodelRio
69.5,<music21.chord.Chord F#3>,[0],[6],AlariodelRio_Sol_Sostenido.xml,12,2.750,AlariodelRio
70,<music21.chord.Chord D#3>,[0],[3],AlariodelRio_Sol_Sostenido.xml,12,3.000,AlariodelRio
70.5,<music21.chord.Chord C#3>,[0],[1],AlariodelRio_Sol_Sostenido.xml,12,3.250,AlariodelRio
71,<music21.chord.Chord E3>,[0],[4],AlariodelRio_Sol_Sostenido.xml,12,3.500,AlariodelRio
73.5,<music21.chord.Chord E3>,[0],[4],AlariodelRio_Sol_Sostenido.xml,13,1.750,AlariodelRio
74,<music21.chord.Chord E3>,[0],[4],AlariodelRio_Sol_Sostenido.xml,13,2.000,AlariodelRio
74.5,<music21.chord.Chord F#3>,[0],[6],AlariodelRio_Sol_Sostenido.xml,13,2.250,AlariodelRio
75,<music21.chord.Chord D#3 D#5>,[0],[3],AlariodelRio_Sol_Sostenido.xml,13,2.500,AlariodelRio
75.5,<music21.chord.Chord D#3 D#5>,[0],[3],AlariodelRio_Sol_Sostenido.xml,13,2.750,AlariodelRio
76,<music21.chord.Chord B2 D#5>,"[0, -8]","[11, 3]",AlariodelRio_Sol_Sostenido.xml,13,3.000,AlariodelRio
76.5,<music21.chord.Chord A#2 D#5>,"[0, -7]","[10, 3]",AlariodelRio_Sol_Sostenido.xml,13,3.250,AlariodelRio
77,<music21.chord.Chord F#3 D#5>,"[0, 3]","[3, 6]",AlariodelRio_Sol_Sostenido.xml,13,3.500,AlariodelRio
77.5,<music21.chord.Chord E3 D#5>,"[0, 1]","[3, 4]",AlariodelRio_Sol_Sostenido.xml,13,3.750,AlariodelRio
78,<music21.chord.Chord D#5>,[0],[3],AlariodelRio_Sol_Sostenido.xml,14,1.000,AlariodelRio
79,<music21.chord.Chord D#5>,[0],[3],AlariodelRio_Sol_Sostenido.xml,14,1.500,AlariodelRio
80,<music21.chord.Chord F#3 D#5>,"[0, 3]","[3, 6]",AlariodelRio_Sol_Sostenido.xml,14,2.000,AlariodelRio
80.5,<music21.chord.Chord G#2 D#5>,"[0, 5]","[3, 8]",AlariodelRio_Sol_Sostenido.xml,14,2.250,AlariodelRio
81,<music21.chord.Chord C#3 D#5>,"[0, 2]","[1, 3]",AlariodelRio_Sol_Sostenido.xml,14,2.500,AlariodelRio
81.5,<music21.chord.Chord B2 D#5>,"[0, -8]","[11, 3]",AlariodelRio_Sol_Sostenido.xml,14,2.750,AlariodelRio
82,<music21.chord.Chord G#2 D#5>,"[0, 5]","[3, 8]",AlariodelRio_Sol_Sostenido.xml,14,3.000,AlariodelRio
82.5,<music21.chord.Chord B2 D#5>,"[0, -8]","[11, 3]",AlariodelRio_Sol_Sostenido.xml,14,3.250,AlariodelRio
83,<music21.chord.Chord G#3 D#5>,"[0, 5]","[3, 8]",AlariodelRio_Sol_Sostenido.xml,14,3.500,AlariodelRio
83.5,<music21.chord.Chord G#2 D#5>,"[0, 5]","[3, 8]",AlariodelRio_Sol_Sostenido.xml,14,3.750,AlariodelRio
84,<music21.chord.Chord F#3 D#5>,"[0, 3]","[3, 6]",AlariodelRio_Sol_Sostenido.xml,15,1.000,AlariodelRio
84.5,<music21.chord.Chord B2 D#5>,"[0, -8]","[11, 3]",AlariodelRio_Sol_Sostenido.xml,15,1.250,AlariodelRio
85,<music21.chord.Chord D#3 C#5>,"[0, 2]","[1, 3]",AlariodelRio_Sol_Sostenido.xml,15,1.500,AlariodelRio
85.5,<music21.chord.Chord C#3 C#5>,[0],[1],AlariodelRio_Sol_Sostenido.xml,15,1.750,AlariodelRio
86,<music21.chord.Chord E3 C#5>,"[0, 3]","[1, 4]",AlariodelRio_Sol_Sostenido.xml,15,2.000,AlariodelRio
86.5,<music21.chord.Chord C#5>,[0],[1],AlariodelRio_Sol_Sostenido.xml,15,2.250,AlariodelRio
87,<music21.chord.Chord C#5>,[0],[1],AlariodelRio_Sol_Sostenido.xml,15,2.500,AlariodelRio
88.5,<music21.chord.Chord E3 C#5>,"[0, 3]","[1, 4]",AlariodelRio_Sol_Sostenido.xml,15,3.250,AlariodelRio
89,<music21.chord.Chord E3 C#5>,"[0, 3]","[1, 4]",AlariodelRio_Sol_Sostenido.xml,15,3.500,AlariodelRio
89.5,<music21.chord.Chord F#3 C#5>,"[0, 5]","[1, 6]",AlariodelRio_Sol_Sostenido.xml,15,3.750,AlariodelRio
90,<music21.chord.Chord D#3 C#5>,"[0, 2]","[1, 3]",AlariodelRio_Sol_Sostenido.xml,16,1.000,AlariodelRio
90.5,<music21.chord.Chord C#3 C#5>,[0],[1],AlariodelRio_Sol_Sostenido.xml,16,1.250,AlariodelRio
91,<music21.chord.Chord E3 C#5>,"[0, 3]","[1, 4]",AlariodelRio_Sol_Sostenido.xml,16,1.500,AlariodelRio
91.5,<music21.chord.Chord C#5>,[0],[1],AlariodelRio_Sol_Sostenido.xml,16,1.750,AlariodelRio
93,<music21.chord.Chord C#5>,[0],[1],AlariodelRio_Sol_Sostenido.xml,16,2.500,AlariodelRio
93.5,<music21.chord.Chord E3 C#5>,"[0, 3]","[1, 4]",AlariodelRio_Sol_Sostenido.xml,16,2.750,AlariodelRio
94,<music21.chord.Chord E3 C#5>,"[0, 3]","[1, 4]",AlariodelRio_Sol_Sostenido.xml,16,3.000,AlariodelRio
94.5,<music21.chord.Chord F#3 C#5>,"[0, 5]","[1, 6]",AlariodelRio_Sol_Sostenido.xml,16,3.250,AlariodelRio
95,<music21.chord.Chord D#3 E5>,"[0, 1]","[3, 4]",AlariodelRio_Sol_Sostenido.xml,16,3.500,AlariodelRio
95.5,<music21.chord.Chord C#3 E5>,"[0, 3]","[1, 4]",AlariodelRio_Sol_Sostenido.xml,16,3.750,AlariodelRio
96,<music21.chord.Chord E3 E5>,[0],[4],AlariodelRio_Sol_Sostenido.xml,17,1.000,AlariodelRio
96.5,<music21.chord.Chord E5>,[0],[4],AlariodelRio_Sol_Sostenido.xml,17,1.250,AlariodelRio
97,<music21.chord.Chord E5>,[0],[4],AlariodelRio_Sol_Sostenido.xml,17,1.500,AlariodelRio
98,<music21.chord.Chord E5>,[0],[4],AlariodelRio_Sol_Sostenido.xml,17,2.000,AlariodelRio
98.5,<music21.chord.Chord E3 E5>,[0],[4],AlariodelRio_Sol_Sostenido.xml,17,2.250,AlariodelRio
99,<music21.chord.Chord E3 E5>,[0],[4],AlariodelRio_Sol_Sostenido.xml,17,2.500,AlariodelRio
99.5,<music21.chord.Chord F#3 E5>,"[0, 2]","[4, 6]",AlariodelRio_Sol_Sostenido.xml,17,2.750,AlariodelRio
100,<music21.chord.Chord D#3 E5>,"[0, 1]","[3, 4]",AlariodelRio_Sol_Sostenido.xml,17,3.000,AlariodelRio
100.5,<music21.chord.Chord D#3 E5>,"[0, 1]","[3, 4]",AlariodelRio_Sol_Sostenido.xml,17,3.250,AlariodelRio
101,<music21.chord.Chord B2 E5>,"[0, -7]","[11, 4]",AlariodelRio_Sol_Sostenido.xml,17,3.500,AlariodelRio
101.5,<music21.chord.Chord A#2 E5>,"[0, 6]","[4, 10]",AlariodelRio_Sol_Sostenido.xml,17,3.750,AlariodelRio
102,<music21.chord.Chord F#3 E5>,"[0, 2]","[4, 6]",AlariodelRio_Sol_Sostenido.xml,18,1.000,AlariodelRio
102.5,<music21.chord.Chord E3 E5>,[0],[4],AlariodelRio_Sol_Sostenido.xml,18,1.250,AlariodelRio
103,<music21.chord.Chord E5>,[0],[4],AlariodelRio_Sol_Sostenido.xml,18,1.500,AlariodelRio
105,<music21.chord.Chord F#3 E5>,"[0, 2]","[4, 6]",AlariodelRio_Sol_Sostenido.xml,18,2.500,AlariodelRio
105.5,<music21.chord.Chord G#2 E5>,"[0, 4]","[4, 8]",AlariodelRio_Sol_Sostenido.xml,18,2.750,AlariodelRio
106,<music21.chord.Chord C#3 E5>,"[0, 3]","[1, 4]",AlariodelRio_Sol_Sostenido.xml,18,3.000,AlariodelRio
106.5,<music21.chord.Chord B2 E5>,"[0, -7]","[11, 4]",AlariodelRio_Sol_Sostenido.xml,18,3.250,AlariodelRio
107,<music21.chord.Chord G#2>,[0],[8],AlariodelRio_Sol_Sostenido.xml,18,3.500,AlariodelRio
107.5,<music21.chord.Chord B2>,[0],[11],AlariodelRio_Sol_Sostenido.xml,18,3.750,AlariodelRio
108,<music21.chord.Chord G#3>,[0],[8],AlariodelRio_Sol_Sostenido.xml,19,1.000,AlariodelRio
108.5,<music21.chord.Chord G#2>,[0],[8],AlariodelRio_Sol_Sostenido.xml,19,1.250,AlariodelRio
109,<music21.chord.Chord F#3>,[0],[6],AlariodelRio_Sol_Sostenido.xml,19,1.500,AlariodelRio
109.5,<music21.chord.Chord B2>,[0],[11],AlariodelRio_Sol_Sostenido.xml,19,1.750,AlariodelRio
110,<music21.chord.Chord D#3>,[0],[3],AlariodelRio_Sol_Sostenido.xml,19,2.000,AlariodelRio
110.5,<music21.chord.Chord C#3>,[0],[1],AlariodelRio_Sol_Sostenido.xml,19,2.250,AlariodelRio
111,<music21.chord.Chord E3>,[0],[4],AlariodelRio_Sol_Sostenido.xml,19,2.500,AlariodelRio
113.5,<music21.chord.Chord E3>,[0],[4],AlariodelRio_Sol_Sostenido.xml,19,3.750,AlariodelRio
114,<music21.chord.Chord E3>,[0],[4],AlariodelRio_Sol_Sostenido.xml,20,1.000,AlariodelRio
114.5,<music21.chord.Chord F#3>,[0],[6],AlariodelRio_Sol_Sostenido.xml,20,1.250,AlariodelRio
115,<music21.chord.Chord D#3>,[0],[3],AlariodelRio_Sol_Sostenido.xml,20,1.500,AlariodelRio
115.5,<music21.chord.Chord C#3>,[0],[1],AlariodelRio_Sol_Sostenido.xml,20,1.750,AlariodelRio
116,<music21.chord.Chord E3>,[0],[4],AlariodelRio_Sol_Sostenido.xml,20,2.000,AlariodelRio
118.5,<music21.chord.Chord E3>,[0],[4],AlariodelRio_Sol_Sostenido.xml,20,3.250,AlariodelRio
119,<music21.chord.Chord E3>,[0],[4],AlariodelRio_Sol_Sostenido.xml,20,3.500,AlariodelRio
119.5,<music21.chord.Chord F#3>,[0],[6],AlariodelRio_Sol_Sostenido.xml,20,3.750,AlariodelRio
120,<music21.chord.Chord D#3>,[0],[3],AlariodelRio_Sol_Sostenido.xml,21,1.000,AlariodelRio
120.5,<music21.chord.Chord C#3>,[0],[1],AlariodelRio_Sol_Sostenido.xml,21,1.250,AlariodelRio
121,<music21.chord.Chord E3>,[0],[4],AlariodelRio_Sol_Sostenido.xml,21,1.500,AlariodelRio
123.5,<music21.chord.Chord E3>,[0],[4],AlariodelRio_Sol_Sostenido.xml,21,2.750,AlariodelRio
124,<music21.chord.Chord E3>,[0],[4],AlariodelRio_Sol_Sostenido.xml,21,3.000,AlariodelRio
124.5,<music21.chord.Chord F#3>,[0],[6],AlariodelRio_Sol_Sostenido.xml,21,3.250,AlariodelRio
125,<music21.chord.Chord D#3>,[0],[3],AlariodelRio_Sol_Sostenido.xml,21,3.500,AlariodelRio
125.5,<music21.chord.Chord D#3>,[0],[3],AlariodelRio_Sol_Sostenido.xml,21,3.750,AlariodelRio
126,<music21.chord.Chord B2>,[0],[11],AlariodelRio_Sol_Sostenido.xml,22,1.000,AlariodelRio
126.5,<music21.chord.Chord A#2>,[0],[10],AlariodelRio_Sol_Sostenido.xml,22,1.250,AlariodelRio
127,<music21.chord.Chord F#3>,[0],[6],AlariodelRio_Sol_Sostenido.xml,22,1.500,AlariodelRio
127.5,<music21.chord.Chord E3>,[0],[4],AlariodelRio_Sol_Sostenido.xml,22,1.750,AlariodelRio
130,<music21.chord.Chord F#3>,[0],[6],AlariodelRio_Sol_Sostenido.xml,22,3.000,AlariodelRio
130.5,<music21.chord.Chord G#2>,[0],[8],AlariodelRio_Sol_Sostenido.xml,22,3.250,AlariodelRio
131,<music21.chord.Chord C#3>,[0],[1],AlariodelRio_Sol_Sostenido.xml,22,3.500,AlariodelRio
131.5,<music21.chord.Chord B2>,[0],[11],AlariodelRio_Sol_Sostenido.xml,22,3.750,AlariodelRio
132,<music21.chord.Chord G#2>,[0],[8],AlariodelRio_Sol_Sostenido.xml,23,1.000,AlariodelRio
132.5,<music21.chord.Chord B2>,[0],[11],AlariodelRio_Sol_Sostenido.xml,23,1.250,AlariodelRio
133,<music21.chord.Chord G#3>,[0],[8],AlariodelRio_Sol_Sostenido.xml,23,1.500,AlariodelRio
133.5,<music21.chord.Chord G#2>,[0],[8],AlariodelRio_Sol_Sostenido.xml,23,1.750,AlariodelRio
134,<music21.chord.Chord F#3>,[0],[6],AlariodelRio_Sol_Sostenido.xml,23,2.000,AlariodelRio
134.5,<music21.chord.Chord B2>,[0],[11],AlariodelRio_Sol_Sostenido.xml,23,2.250,AlariodelRio
140,<music21.chord.Chord B2>,[0],[11],AlariodelRio_Sol_Sostenido.xml,24,2.000,AlariodelRio
140.5,<music21.chord.Chord C#3>,[0],[1],AlariodelRio_Sol_Sostenido.xml,24,2.250,AlariodelRio
141,<music21.chord.Chord A#3>,[0],[10],AlariodelRio_Sol_Sostenido.xml,24,2.500,AlariodelRio
141.5,<music21.chord.Chord E3>,[0],[4],AlariodelRio_Sol_Sostenido.xml,24,2.750,AlariodelRio
144,<music21.chord.Chord B2>,[0],[11],AlariodelRio_Sol_Sostenido.xml,25,1.000,AlariodelRio
144.5,<music21.chord.Chord C#3>,[0],[1],AlariodelRio_Sol_Sostenido.xml,25,1.250,AlariodelRio
145,<music21.chord.Chord A#3>,[0],[10],AlariodelRio_Sol_Sostenido.xml,25,1.500,AlariodelRio
145.5,<music21.chord.Chord E3>,[0],[4],AlariodelRio_Sol_Sostenido.xml,25,1.750,AlariodelRio
148,<music21.chord.Chord B2>,[0],[11],AlariodelRio_Sol_Sostenido.xml,25,3.000,AlariodelRio
148.5,<music21.chord.Chord C#3>,[0],[1],AlariodelRio_Sol_Sostenido.xml,25,3.250,AlariodelRio
149,<music21.chord.Chord A#3>,[0],[10],AlariodelRio_Sol_Sostenido.xml,25,3.500,AlariodelRio
149.5,<music21.chord.Chord E3>,[0],[4],AlariodelRio_Sol_Sostenido.xml,25,3.750,AlariodelRio
152,<music21.chord.Chord F#3 B4>,"[0, 5]","[6, 11]",AlariodelRio_Sol_Sostenido.xml,26,2.000,AlariodelRio
152.5,<music21.chord.Chord G#2 B4>,"[0, 3]","[8, 11]",AlariodelRio_Sol_Sostenido.xml,26,2.250,AlariodelRio
153,<music21.chord.Chord C#3 B4>,"[0, -10]","[11, 1]",AlariodelRio_Sol_Sostenido.xml,26,2.500,AlariodelRio
153.5,<music21.chord.Chord B2 B4>,[0],[11],AlariodelRio_Sol_Sostenido.xml,26,2.750,AlariodelRio
154,<music21.chord.Chord G#2 B4>,"[0, 3]","[8, 11]",AlariodelRio_Sol_Sostenido.xml,26,3.000,AlariodelRio
154.5,<music21.chord.Chord B2 B4>,[0],[11],AlariodelRio_Sol_Sostenido.xml,26,3.250,AlariodelRio
155,<music21.chord.Chord G#3 B4>,"[0, 3]","[8, 11]",AlariodelRio_Sol_Sostenido.xml,26,3.500,AlariodelRio
155.5,<music21.chord.Chord G#2 B4>,"[0, 3]","[8, 11]",AlariodelRio_Sol_Sostenido.xml,26,3.750,AlariodelRio
156,<music21.chord.Chord F#3 B4>,"[0, 5]","[6, 11]",AlariodelRio_Sol_Sostenido.xml,27,1.000,AlariodelRio
156.5,<music21.chord.Chord B2 B4>,[0],[11],AlariodelRio_Sol_Sostenido.xml,27,1.250,AlariodelRio
157,<music21.chord.Chord D#3 B4>,"[0, -8]","[11, 3]",AlariodelRio_Sol_Sostenido.xml,27,1.500,AlariodelRio
157.5,<music21.chord.Chord D#3 B4>,"[0, -8]","[11, 3]",AlariodelRio_Sol_Sostenido.xml,27,1.750,AlariodelRio
158,<music21.chord.Chord B2>,[0],[11],AlariodelRio_Sol_Sostenido.xml,27,2.000,AlariodelRio
158.5,<music21.chord.Chord A#2>,[0],[10],AlariodelRio_Sol_Sostenido.xml,27,2.250,AlariodelRio
159,<music21.chord.Chord F#3>,[0],[6],AlariodelRio_Sol_Sostenido.xml,27,2.500,AlariodelRio
159.5,<music21.chord.Chord E3>,[0],[4],AlariodelRio_Sol_Sostenido.xml,27,2.750,AlariodelRio
162,<music21.chord.Chord B2>,[0],[11],AlariodelRio_Sol_Sostenido.xml,28,1.000,AlariodelRio
162.5,<music21.chord.Chord C#3>,[0],[1],AlariodelRio_Sol_Sostenido.xml,28,1.250,AlariodelRio
163,<music21.chord.Chord A#3>,[0],[10],AlariodelRio_Sol_Sostenido.xml,28,1.500,AlariodelRio
163.5,<music21.chord.Chord E3>,[0],[4],AlariodelRio_Sol_Sostenido.xml,28,1.750,AlariodelRio
166,<music21.chord.Chord B2>,[0],[11],AlariodelRio_Sol_Sostenido.xml,28,3.000,AlariodelRio
166.5,<music21.chord.Chord C#3>,[0],[1],AlariodelRio_Sol_Sostenido.xml,28,3.250,AlariodelRio
167,<music21.chord.Chord A#3>,[0],[10],AlariodelRio_Sol_Sostenido.xml,28,3.500,AlariodelRio
167.5,<music21.chord.Chord E3>,[0],[4],AlariodelRio_Sol_Sostenido.xml,28,3.750,AlariodelRio
170,<music21.chord.Chord B2>,[0],[11],AlariodelRio_Sol_Sostenido.xml,29,2.000,AlariodelRio
170.5,<music21.chord.Chord C#3>,[0],[1],AlariodelRio_Sol_Sostenido.xml,29,2.250,AlariodelRio
171,<music21.chord.Chord A#3>,[0],[10],AlariodelRio_Sol_Sostenido.xml,29,2.500,AlariodelRio
171.5,<music21.chord.Chord E3>,[0],[4],AlariodelRio_Sol_Sostenido.xml,29,2.750,AlariodelRio
174,<music21.chord.Chord F#3>,[0],[6],AlariodelRio_Sol_Sostenido.xml,30,1.000,AlariodelRio
174.5,<music21.chord.Chord G#2>,[0],[8],AlariodelRio_Sol_Sostenido.xml,30,1.250,AlariodelRio
175,<music21.chord.Chord C#3>,[0],[1],AlariodelRio_Sol_Sostenido.xml,30,1.500,AlariodelRio
175.5,<music21.chord.Chord B2>,[0],[11],AlariodelRio_Sol_Sostenido.xml,30,1.750,AlariodelRio
176,<music21.chord.Chord G#2>,[0],[8],AlariodelRio_Sol_Sostenido.xml,30,2.000,AlariodelRio
176.5,<music21.chord.Chord B2>,[0],[11],AlariodelRio_Sol_Sostenido.xml,30,2.250,AlariodelRio
177,<music21.chord.Chord G#3>,[0],[8],AlariodelRio_Sol_Sostenido.xml,30,2.500,AlariodelRio
177.5,<music21.chord.Chord G#2>,[0],[8],AlariodelRio_Sol_Sostenido.xml,30,2.750,AlariodelRio
178,<music21.chord.Chord F#3>,[0],[6],AlariodelRio_Sol_Sostenido.xml,30,3.000,AlariodelRio
178.5,<music21.chord.Chord B2>,[0],[11],AlariodelRio_Sol_Sostenido.xml,30,3.250,AlariodelRio
179,<music21.chord.Chord D#3>,[0],[3],AlariodelRio_Sol_Sostenido.xml,30,3.500,AlariodelRio
179.5,<music21.chord.Chord D#3>,[0],[3],AlariodelRio_Sol_Sostenido.xml,30,3.750,AlariodelRio
180,<music21.chord.Chord B2>,[0],[11],AlariodelRio_Sol_Sostenido.xml,31,1.000,AlariodelRio
180.5,<music21.chord.Chord A#2>,[0],[10],AlariodelRio_Sol_Sostenido.xml,31,1.250,AlariodelRio
181,<music21.chord.Chord F#3>,[0],[6],AlariodelRio_Sol_Sostenido.xml,31,1.500,AlariodelRio
181.5,<music21.chord.Chord E3>,[0],[4],AlariodelRio_Sol_Sostenido.xml,31,1.750,AlariodelRio
184,<music21.chord.Chord B2>,[0],[11],AlariodelRio_Sol_Sostenido.xml,31,3.000,AlariodelRio
184.5,<music21.chord.Chord C#3>,[0],[1],AlariodelRio_Sol_Sostenido.xml,31,3.250,AlariodelRio
185,<music21.chord.Chord A#3>,[0],[10],AlariodelRio_Sol_Sostenido.xml,31,3.500,AlariodelRio
185.5,<music21.chord.Chord E3>,[0],[4],AlariodelRio_Sol_Sostenido.xml,31,3.750,AlariodelRio
188,<music21.chord.Chord B2>,[0],[11],AlariodelRio_Sol_Sostenido.xml,32,2.000,AlariodelRio
188.5,<music21.chord.Chord C#3>,[0],[1],AlariodelRio_Sol_Sostenido.xml,32,2.250,AlariodelRio
189,<music21.chord.Chord A#3>,[0],[10],AlariodelRio_Sol_Sostenido.xml,32,2.500,AlariodelRio
189.5,<music21.chord.Chord E3>,[0],[4],AlariodelRio_Sol_Sostenido.xml,32,2.750,AlariodelRio
192,<music21.chord.Chord B2>,[0],[11],AlariodelRio_Sol_Sostenido.xml,33,1.000,AlariodelRio
192.5,<music21.chord.Chord C#3>,[0],[1],AlariodelRio_Sol_Sostenido.xml,33,1.250,AlariodelRio
193,<music21.chord.Chord A#3>,[0],[10],AlariodelRio_Sol_Sostenido.xml,33,1.500,AlariodelRio
193.5,<music21.chord.Chord E3>,[0],[4],AlariodelRio_Sol_Sostenido.xml,33,1.750,AlariodelRio
196,<music21.chord.Chord F#3>,[0],[6],AlariodelRio_Sol_Sostenido.xml,33,3.000,AlariodelRio
196.5,<music21.chord.Chord G#2>,[0],[8],AlariodelRio_Sol_Sostenido.xml,33,3.250,AlariodelRio
197,<music21.chord.Chord C#3>,[0],[1],AlariodelRio_Sol_Sostenido.xml,33,3.500,AlariodelRio
197.5,<music21.chord.Chord B2>,[0],[11],AlariodelRio_Sol_Sostenido.xml,33,3.750,AlariodelRio
198,<music21.chord.Chord G#2>,[0],[8],AlariodelRio_Sol_Sostenido.xml,34,1.000,AlariodelRio
198.5,<music21.chord.Chord B2>,[0],[11],AlariodelRio_Sol_Sostenido.xml,34,1.250,AlariodelRio
199,<music21.chord.Chord G#3>,[0],[8],AlariodelRio_Sol_Sostenido.xml,34,1.500,AlariodelRio
199.5,<music21.chord.Chord G#2>,[0],[8],AlariodelRio_Sol_Sostenido.xml,34,1.750,AlariodelRio
200,<music21.chord.Chord F#3>,[0],[6],AlariodelRio_Sol_Sostenido.xml,34,2.000,AlariodelRio
200.5,<music21.chord.Chord B2>,[0],[11],AlariodelRio_Sol_Sostenido.xml,34,2.250,AlariodelRio
201,<music21.chord.Chord D#3>,[0],[3],AlariodelRio_Sol_Sostenido.xml,34,2.500,AlariodelRio
201.5,<music21.chord.Chord D#3>,[0],[3],AlariodelRio_Sol_Sostenido.xml,34,2.750,AlariodelRio
202,<music21.chord.Chord B2>,[0],[11],AlariodelRio_Sol_Sostenido.xml,34,3.000,AlariodelRio
202.5,<music21.chord.Chord A#2>,[0],[10],AlariodelRio_Sol_Sostenido.xml,34,3.250,AlariodelRio
203,<music21.chord.Chord F#3>,[0],[6],AlariodelRio_Sol_Sostenido.xml,34,3.500,AlariodelRio
203.5,<music21.chord.Chord E3>,[0],[4],AlariodelRio_Sol_Sostenido.xml,34,3.750,AlariodelRio
207,<music21.chord.Chord E3>,[0],[4],AlariodelRio_Sol_Sostenido.xml,35,2.500,AlariodelRio
207.5,<music21.chord.Chord F#3>,[0],[6],AlariodelRio_Sol_Sostenido.xml,35,2.750,AlariodelRio
208,<music21.chord.Chord A#2>,[0],[10],AlariodelRio_Sol_Sostenido.xml,35,3.000,AlariodelRio
208.5,<music21.chord.Chord B2>,[0],[11],AlariodelRio_Sol_Sostenido.xml,35,3.250,AlariodelRio
209,<music21.chord.Chord D#3 G#5>,"[0, 5]","[3, 8]",AlariodelRio_Sol_Sostenido.xml,35,3.500,AlariodelRio
209.5,<music21.chord.Chord D#3 G#5>,"[0, 5]","[3, 8]",AlariodelRio_Sol_Sostenido.xml,35,3.750,AlariodelRio
210,<music21.chord.Chord B2 G#5>,"[0, 3]","[8, 11]",AlariodelRio_Sol_Sostenido.xml,36,1.000,AlariodelRio
210.5,<music21.chord.Chord C#3 G#5>,"[0, -7]","[8, 1]",AlariodelRio_Sol_Sostenido.xml,36,1.250,AlariodelRio
211,<music21.chord.Chord G#2 G#5>,[0],[8],AlariodelRio_Sol_Sostenido.xml,36,1.500,AlariodelRio
211.5,<music21.chord.Chord F#3 G#5>,"[0, 2]","[6, 8]",AlariodelRio_Sol_Sostenido.xml,36,1.750,AlariodelRio
212,<music21.chord.Chord G#5>,[0],[8],AlariodelRio_Sol_Sostenido.xml,36,2.000,AlariodelRio
213,<music21.chord.Chord G#5>,[0],[8],AlariodelRio_Sol_Sostenido.xml,36,2.500,AlariodelRio
214,<music21.chord.Chord B2 G#5>,"[0, 3]","[8, 11]",AlariodelRio_Sol_Sostenido.xml,36,3.000,AlariodelRio
214.5,<music21.chord.Chord F#3 G#5>,"[0, 2]","[6, 8]",AlariodelRio_Sol_Sostenido.xml,36,3.250,AlariodelRio
215,<music21.chord.Chord G#2 G#5>,[0],[8],AlariodelRio_Sol_Sostenido.xml,36,3.500,AlariodelRio
215.5,<music21.chord.Chord G#3 G#5>,[0],[8],AlariodelRio_Sol_Sostenido.xml,36,3.750,AlariodelRio
216,<music21.chord.Chord B2 G#5>,"[0, 3]","[8, 11]",AlariodelRio_Sol_Sostenido.xml,37,1.000,AlariodelRio
216.5,<music21.chord.Chord G#2 G#5>,[0],[8],AlariodelRio_Sol_Sostenido.xml,37,1.250,AlariodelRio
217,<music21.chord.Chord A#2 G#5>,"[0, 2]","[8, 10]",AlariodelRio_Sol_Sostenido.xml,37,1.500,AlariodelRio
217.5,<music21.chord.Chord A#3 G#5>,"[0, 2]","[8, 10]",AlariodelRio_Sol_Sostenido.xml,37,1.750,AlariodelRio
218,<music21.chord.Chord D#3 G#5>,"[0, 5]","[3, 8]",AlariodelRio_Sol_Sostenido.xml,37,2.000,AlariodelRio
218.5,<music21.chord.Chord G#3 G#5>,[0],[8],AlariodelRio_Sol_Sostenido.xml,37,2.250,AlariodelRio
219,<music21.chord.Chord A#3 G#5>,"[0, 2]","[8, 10]",AlariodelRio_Sol_Sostenido.xml,37,2.500,AlariodelRio
219.5,<music21.chord.Chord E3 G#5>,"[0, 4]","[4, 8]",AlariodelRio_Sol_Sostenido.xml,37,2.750,AlariodelRio
220,<music21.chord.Chord A#2 G#5>,"[0, 2]","[8, 10]",AlariodelRio_Sol_Sostenido.xml,37,3.000,AlariodelRio
220.5,<music21.chord.Chord A#3 G#5>,"[0, 2]","[8, 10]",AlariodelRio_Sol_Sostenido.xml,37,3.250,AlariodelRio
221,<music21.chord.Chord D#3 G#5>,"[0, 5]","[3, 8]",AlariodelRio_Sol_Sostenido.xml,37,3.500,AlariodelRio
221.5,<music21.chord.Chord G#3 G#5>,[0],[8],AlariodelRio_Sol_Sostenido.xml,37,3.750,AlariodelRio
222,<music21.chord.Chord A#3 G#5>,"[0, 2]","[8, 10]",AlariodelRio_Sol_Sostenido.xml,38,1.000,AlariodelRio
222.5,<music21.chord.Chord E3 G#5>,"[0, 4]","[4, 8]",AlariodelRio_Sol_Sostenido.xml,38,1.250,AlariodelRio
223,<music21.chord.Chord A#2 G#5>,"[0, 2]","[8, 10]",AlariodelRio_Sol_Sostenido.xml,38,1.500,AlariodelRio
223.5,<music21.chord.Chord A#3 G#5>,"[0, 2]","[8, 10]",AlariodelRio_Sol_Sostenido.xml,38,1.750,AlariodelRio
224,<music21.chord.Chord D#3 G#5>,"[0, 5]","[3, 8]",AlariodelRio_Sol_Sostenido.xml,38,2.000,AlariodelRio
224.5,<music21.chord.Chord G#3 G#5>,[0],[8],AlariodelRio_Sol_Sostenido.xml,38,2.250,AlariodelRio
225,<music21.chord.Chord A#3 A#5>,[0],[10],AlariodelRio_Sol_Sostenido.xml,38,2.500,AlariodelRio
225.5,<music21.chord.Chord E3 A#5>,"[0, 6]","[4, 10]",AlariodelRio_Sol_Sostenido.xml,38,2.750,AlariodelRio
226,<music21.chord.Chord E3 A#5>,"[0, 6]","[4, 10]",AlariodelRio_Sol_Sostenido.xml,38,3.000,AlariodelRio
226.5,<music21.chord.Chord F#3 A#5>,"[0, 4]","[6, 10]",AlariodelRio_Sol_Sostenido.xml,38,3.250,AlariodelRio
227,<music21.chord.Chord A#2 A#5>,[0],[10],AlariodelRio_Sol_Sostenido.xml,38,3.500,AlariodelRio
227.5,<music21.chord.Chord B2 A#5>,"[0, 1]","[10, 11]",AlariodelRio_Sol_Sostenido.xml,38,3.750,AlariodelRio
228,<music21.chord.Chord D#3 A#5>,"[0, -7]","[10, 3]",AlariodelRio_Sol_Sostenido.xml,39,1.000,AlariodelRio
228.5,<music21.chord.Chord D#3 A#5>,"[0, -7]","[10, 3]",AlariodelRio_Sol_Sostenido.xml,39,1.250,AlariodelRio
229,<music21.chord.Chord B2 A#5>,"[0, 1]","[10, 11]",AlariodelRio_Sol_Sostenido.xml,39,1.500,AlariodelRio
229.5,<music21.chord.Chord C#3 A#5>,"[0, -9]","[10, 1]",AlariodelRio_Sol_Sostenido.xml,39,1.750,AlariodelRio
230,<music21.chord.Chord G#2 A#5>,"[0, 2]","[8, 10]",AlariodelRio_Sol_Sostenido.xml,39,2.000,AlariodelRio
230.5,<music21.chord.Chord F#3 A#5>,"[0, 4]","[6, 10]",AlariodelRio_Sol_Sostenido.xml,39,2.250,AlariodelRio
231,<music21.chord.Chord A#5>,[0],[10],AlariodelRio_Sol_Sostenido.xml,39,2.500,AlariodelRio
232,<music21.chord.Chord A#5>,[0],[10],AlariodelRio_Sol_Sostenido.xml,39,3.000,AlariodelRio
233,<music21.chord.Chord B2 A#5>,"[0, 1]","[10, 11]",AlariodelRio_Sol_Sostenido.xml,39,3.500,AlariodelRio
233.5,<music21.chord.Chord F#3 A#5>,"[0, 4]","[6, 10]",AlariodelRio_Sol_Sostenido.xml,39,3.750,AlariodelRio
234,<music21.chord.Chord G#2 A#5>,"[0, 2]","[8, 10]",AlariodelRio_Sol_Sostenido.xml,40,1.000,AlariodelRio
234.5,<music21.chord.Chord G#3 A#5>,"[0, 2]","[8, 10]",AlariodelRio_Sol_Sostenido.xml,40,1.250,AlariodelRio
235,<music21.chord.Chord B2 A#5>,"[0, 1]","[10, 11]",AlariodelRio_Sol_Sostenido.xml,40,1.500,AlariodelRio
235.5,<music21.chord.Chord G#2 A#5>,"[0, 2]","[8, 10]",AlariodelRio_Sol_Sostenido.xml,40,1.750,AlariodelRio
236,<music21.chord.Chord A#2 A#5>,[0],[10],AlariodelRio_Sol_Sostenido.xml,40,2.000,AlariodelRio
236.5,<music21.chord.Chord A#3 A#5>,[0],[10],AlariodelRio_Sol_Sostenido.xml,40,2.250,AlariodelRio
237,<music21.chord.Chord D#3 A#5>,"[0, -7]","[10, 3]",AlariodelRio_Sol_Sostenido.xml,40,2.500,AlariodelRio
237.5,<music21.chord.Chord G#3 A#5>,"[0, 2]","[8, 10]",AlariodelRio_Sol_Sostenido.xml,40,2.750,AlariodelRio
238,<music21.chord.Chord A#3 A#5>,[0],[10],AlariodelRio_Sol_Sostenido.xml,40,3.000,AlariodelRio
238.5,<music21.chord.Chord E3 A#5>,"[0, 6]","[4, 10]",AlariodelRio_Sol_Sostenido.xml,40,3.250,AlariodelRio
239,<music21.chord.Chord A#2 A#5>,[0],[10],AlariodelRio_Sol_Sostenido.xml,40,3.500,AlariodelRio
239.5,<music21.chord.Chord A#3 A#5>,[0],[10],AlariodelRio_Sol_Sostenido.xml,40,3.750,AlariodelRio
240,<music21.chord.Chord D#3 A#5>,"[0, -7]","[10, 3]",AlariodelRio_Sol_Sostenido.xml,41,1.000,AlariodelRio
240.5,<music21.chord.Chord G#3 A#5>,"[0, 2]","[8, 10]",AlariodelRio_Sol_Sostenido.xml,41,1.250,AlariodelRio
241,<music21.chord.Chord A#3 A#5>,[0],[10],AlariodelRio_Sol_Sostenido.xml,41,1.500,AlariodelRio
241.5,<music21.chord.Chord E3 A#5>,"[0, 6]","[4, 10]",AlariodelRio_Sol_Sostenido.xml,41,1.750,AlariodelRio
242,<music21.chord.Chord A#2 A#5>,[0],[10],AlariodelRio_Sol_Sostenido.xml,41,2.000,AlariodelRio
242.5,<music21.chord.Chord A#3 A#5>,[0],[10],AlariodelRio_Sol_Sostenido.xml,41,2.250,AlariodelRio
243,<music21.chord.Chord D#3 E5>,"[0, 1]","[3, 4]",AlariodelRio_Sol_Sostenido.xml,41,2.500,AlariodelRio
243.5,<music21.chord.Chord G#3 E5>,"[0, 4]","[4, 8]",AlariodelRio_Sol_Sostenido.xml,41,2.750,AlariodelRio
244,<music21.chord.Chord A#3 E5>,"[0, 6]","[4, 10]",AlariodelRio_Sol_Sostenido.xml,41,3.000,AlariodelRio
244.5,<music21.chord.Chord E3 E5>,[0],[4],AlariodelRio_Sol_Sostenido.xml,41,3.250,AlariodelRio
245,<music21.chord.Chord E3 E5>,[0],[4],AlariodelRio_Sol_Sostenido.xml,41,3.500,AlariodelRio
245.5,<music21.chord.Chord F#3 E5>,"[0, 2]","[4, 6]",AlariodelRio_Sol_Sostenido.xml,41,3.750,AlariodelRio
246,<music21.chord.Chord A#2 E5>,"[0, 6]","[4, 10]",AlariodelRio_Sol_Sostenido.xml,42,1.000,AlariodelRio
246.5,<music21.chord.Chord B2 E5>,"[0, -7]","[11, 4]",AlariodelRio_Sol_Sostenido.xml,42,1.250,AlariodelRio
247,<music21.chord.Chord D#3 E5>,"[0, 1]","[3, 4]",AlariodelRio_Sol_Sostenido.xml,42,1.500,AlariodelRio
247.5,<music21.chord.Chord D#3 E5>,"[0, 1]","[3, 4]",AlariodelRio_Sol_Sostenido.xml,42,1.750,AlariodelRio
248,<music21.chord.Chord B2 E5>,"[0, -7]","[11, 4]",AlariodelRio_Sol_Sostenido.xml,42,2.000,AlariodelRio
248.5,<music21.chord.Chord C#3 E5>,"[0, 3]","[1, 4]",AlariodelRio_Sol_Sostenido.xml,42,2.250,AlariodelRio
249,<music21.chord.Chord G#2 E5>,"[0, 4]","[4, 8]",AlariodelRio_Sol_Sostenido.xml,42,2.500,AlariodelRio
249.5,<music21.chord.Chord F#3 E5>,"[0, 2]","[4, 6]",AlariodelRio_Sol_Sostenido.xml,42,2.750,AlariodelRio
250,<music21.chord.Chord E5>,[0],[4],AlariodelRio_Sol_Sostenido.xml,42,3.000,AlariodelRio
251,<music21.chord.Chord E5>,[0],[4],AlariodelRio_Sol_Sostenido.xml,42,3.500,AlariodelRio
252,<music21.chord.Chord B2 E5>,"[0, -7]","[11, 4]",AlariodelRio_Sol_Sostenido.xml,43,1.000,AlariodelRio
252.5,<music21.chord.Chord F#3 E5>,"[0, 2]","[4, 6]",AlariodelRio_Sol_Sostenido.xml,43,1.250,AlariodelRio
253,<music21.chord.Chord G#2 E5>,"[0, 4]","[4, 8]",AlariodelRio_Sol_Sostenido.xml,43,1.500,AlariodelRio
253.5,<music21.chord.Chord G#3 E5>,"[0, 4]","[4, 8]",AlariodelRio_Sol_Sostenido.xml,43,1.750,AlariodelRio
254,<music21.chord.Chord B2 E5>,"[0, -7]","[11, 4]",AlariodelRio_Sol_Sostenido.xml,43,2.000,AlariodelRio
254.5,<music21.chord.Chord G#2 E5>,"[0, 4]","[4, 8]",AlariodelRio_Sol_Sostenido.xml,43,2.250,AlariodelRio
255,<music21.chord.Chord A#2>,[0],[10],AlariodelRio_Sol_Sostenido.xml,43,2.500,AlariodelRio
255.5,<music21.chord.Chord A#3>,[0],[10],AlariodelRio_Sol_Sostenido.xml,43,2.750,AlariodelRio
256,<music21.chord.Chord D#3>,[0],[3],AlariodelRio_Sol_Sostenido.xml,43,3.000,AlariodelRio
256.5,<music21.chord.Chord G#3>,[0],[8],AlariodelRio_Sol_Sostenido.xml,43,3.250,AlariodelRio
257,<music21.chord.Chord A#3>,[0],[10],AlariodelRio_Sol_Sostenido.xml,43,3.500,AlariodelRio
257.5,<music21.chord.Chord E3>,[0],[4],AlariodelRio_Sol_Sostenido.xml,43,3.750,AlariodelRio
258,<music21.chord.Chord A#2>,[0],[10],AlariodelRio_Sol_Sostenido.xml,44,1.000,AlariodelRio
258.5,<music21.chord.Chord A#3>,[0],[10],AlariodelRio_Sol_Sostenido.xml,44,1.250,AlariodelRio
259,<music21.chord.Chord D#3>,[0],[3],AlariodelRio_Sol_Sostenido.xml,44,1.500,AlariodelRio
259.5,<music21.chord.Chord G#3>,[0],[8],AlariodelRio_Sol_Sostenido.xml,44,1.750,AlariodelRio
260,<music21.chord.Chord A#3>,[0],[10],AlariodelRio_Sol_Sostenido.xml,44,2.000,AlariodelRio
260.5,<music21.chord.Chord E3>,[0],[4],AlariodelRio_Sol_Sostenido.xml,44,2.250,AlariodelRio
261,<music21.chord.Chord A#2>,[0],[10],AlariodelRio_Sol_Sostenido.xml,44,2.500,AlariodelRio
261.5,<music21.chord.Chord A#3>,[0],[10],AlariodelRio_Sol_Sostenido.xml,44,2.750,AlariodelRio
262,<music21.chord.Chord D#3>,[0],[3],AlariodelRio_Sol_Sostenido.xml,44,3.000,AlariodelRio
262.5,<music21.chord.Chord G#3>,[0],[8],AlariodelRio_Sol_Sostenido.xml,44,3.250,AlariodelRio
263,<music21.chord.Chord A#3>,[0],[10],AlariodelRio_Sol_Sostenido.xml,44,3.500,AlariodelRio
263.5,<music21.chord.Chord E3>,[0],[4],AlariodelRio_Sol_Sostenido.xml,44,3.750,AlariodelRio
267,<music21.chord.Chord B2>,[0],[11],AlariodelRio_Sol_Sostenido.xml,45,2.500,AlariodelRio
267.5,<music21.chord.Chord F#3>,[0],[6],AlariodelRio_Sol_Sostenido.xml,45,2.750,AlariodelRio
268,<music21.chord.Chord G#2>,[0],[8],AlariodelRio_Sol_Sostenido.xml,45,3.000,AlariodelRio
268.5,<music21.chord.Chord G#3>,[0],[8],AlariodelRio_Sol_Sostenido.xml,45,3.250,AlariodelRio
269,<music21.chord.Chord B2>,[0],[11],AlariodelRio_Sol_Sostenido.xml,45,3.500,AlariodelRio
269.5,<music21.chord.Chord G#2>,[0],[8],AlariodelRio_Sol_Sostenido.xml,45,3.750,AlariodelRio
270,<music21.chord.Chord B2>,[0],[11],AlariodelRio_Sol_Sostenido.xml,46,1.000,AlariodelRio
270.5,<music21.chord.Chord C#3>,[0],[1],AlariodelRio_Sol_Sostenido.xml,46,1.250,AlariodelRio
271,<music21.chord.Chord G#2>,[0],[8],AlariodelRio_Sol_Sostenido.xml,46,1.500,AlariodelRio
271.5,<music21.chord.Chord F#3>,[0],[6],AlariodelRio_Sol_Sostenido.xml,46,1.750,AlariodelRio
274,<music21.chord.Chord E3>,[0],[4],AlariodelRio_Sol_Sostenido.xml,46,3.000,AlariodelRio
274.5,<music21.chord.Chord F#3>,[0],[6],AlariodelRio_Sol_Sostenido.xml,46,3.250,AlariodelRio
275,<music21.chord.Chord A#2>,[0],[10],AlariodelRio_Sol_Sostenido.xml,46,3.500,AlariodelRio
275.5,<music21.chord.Chord B2>,[0],[11],AlariodelRio_Sol_Sostenido.xml,46,3.750,AlariodelRio
276,<music21.chord.Chord D#3>,[0],[3],AlariodelRio_Sol_Sostenido.xml,47,1.000,AlariodelRio
276.5,<music21.chord.Chord D#3>,[0],[3],AlariodelRio_Sol_Sostenido.xml,47,1.250,AlariodelRio
277,<music21.chord.Chord F#3>,[0],[6],AlariodelRio_Sol_Sostenido.xml,47,1.500,AlariodelRio
277.5,<music21.chord.Chord E3>,[0],[4],AlariodelRio_Sol_Sostenido.xml,47,1.750,AlariodelRio
278,<music21.chord.Chord E3>,[0],[4],AlariodelRio_Sol_Sostenido.xml,47,2.000,AlariodelRio
280.5,<music21.chord.Chord E3>,[0],[4],AlariodelRio_Sol_Sostenido.xml,47,3.250,AlariodelRio
281,<music21.chord.Chord C#3>,[0],[1],AlariodelRio_Sol_Sostenido.xml,47,3.500,AlariodelRio
281.5,<music21.chord.Chord D#3>,[0],[3],AlariodelRio_Sol_Sostenido.xml,47,3.750,AlariodelRio
282,<music21.chord.Chord F#3>,[0],[6],AlariodelRio_Sol_Sostenido.xml,48,1.000,AlariodelRio
282.5,<music21.chord.Chord E3>,[0],[4],AlariodelRio_Sol_Sostenido.xml,48,1.250,AlariodelRio
283,<music21.chord.Chord E3>,[0],[4],AlariodelRio_Sol_Sostenido.xml,48,1.500,AlariodelRio
285.5,<music21.chord.Chord E3>,[0],[4],AlariodelRio_Sol_Sostenido.xml,48,2.750,AlariodelRio
286,<music21.chord.Chord C#3>,[0],[1],AlariodelRio_Sol_Sostenido.xml,48,3.000,AlariodelRio
286.5,<music21.chord.Chord D#3>,[0],[3],AlariodelRio_Sol_Sostenido.xml,48,3.250,AlariodelRio
287,<music21.chord.Chord F#3>,[0],[6],AlariodelRio_Sol_Sostenido.xml,48,3.500,AlariodelRio
287.5,<music21.chord.Chord E3>,[0],[4],AlariodelRio_Sol_Sostenido.xml,48,3.750,AlariodelRio
288,<music21.chord.Chord E3>,[0],[4],AlariodelRio_Sol_Sostenido.xml,49,1.000,AlariodelRio
290.5,<music21.chord.Chord E3>,[0],[4],AlariodelRio_Sol_Sostenido.xml,49,2.250,AlariodelRio
291,<music21.chord.Chord C#3>,[0],[1],AlariodelRio_Sol_Sostenido.xml,49,2.500,AlariodelRio
291.5,<music21.chord.Chord D#3>,[0],[3],AlariodelRio_Sol_Sostenido.xml,49,2.750,AlariodelRio
292,<music21.chord.Chord B2>,[0],[11],AlariodelRio_Sol_Sostenido.xml,49,3.000,AlariodelRio
292.5,<music21.chord.Chord F#3>,[0],[6],AlariodelRio_Sol_Sostenido.xml,49,3.250,AlariodelRio
293,<music21.chord.Chord G#2>,[0],[8],AlariodelRio_Sol_Sostenido.xml,49,3.500,AlariodelRio
293.5,<music21.chord.Chord G#3>,[0],[8],AlariodelRio_Sol_Sostenido.xml,49,3.750,AlariodelRio
294,<music21.chord.Chord B2>,[0],[11],AlariodelRio_Sol_Sostenido.xml,50,1.000,AlariodelRio
294.5,<music21.chord.Chord G#2>,[0],[8],AlariodelRio_Sol_Sostenido.xml,50,1.250,AlariodelRio
295,<music21.chord.Chord B2 E5>,"[0, -7]","[11, 4]",AlariodelRio_Sol_Sostenido.xml,50,1.500,AlariodelRio
295.5,<music21.chord.Chord C#3 E5>,"[0, 3]","[1, 4]",AlariodelRio_Sol_Sostenido.xml,50,1.750,AlariodelRio
296,<music21.chord.Chord G#2 E5>,"[0, 4]","[4, 8]",AlariodelRio_Sol_Sostenido.xml,50,2.000,AlariodelRio
296.5,<music21.chord.Chord F#3 E5>,"[0, 2]","[4, 6]",AlariodelRio_Sol_Sostenido.xml,50,2.250,AlariodelRio
297,<music21.chord.Chord E5>,[0],[4],AlariodelRio_Sol_Sostenido.xml,50,2.500,AlariodelRio
298,<music21.chord.Chord E5>,[0],[4],AlariodelRio_Sol_Sostenido.xml,50,3.000,AlariodelRio
299,<music21.chord.Chord E3 E5>,[0],[4],AlariodelRio_Sol_Sostenido.xml,50,3.500,AlariodelRio
299.5,<music21.chord.Chord F#3 E5>,"[0, 2]","[4, 6]",AlariodelRio_Sol_Sostenido.xml,50,3.750,AlariodelRio
300,<music21.chord.Chord A#2 E5>,"[0, 6]","[4, 10]",AlariodelRio_Sol_Sostenido.xml,51,1.000,AlariodelRio
300.5,<music21.chord.Chord B2 E5>,"[0, -7]","[11, 4]",AlariodelRio_Sol_Sostenido.xml,51,1.250,AlariodelRio
301,<music21.chord.Chord D#3 E5>,"[0, 1]","[3, 4]",AlariodelRio_Sol_Sostenido.xml,51,1.500,AlariodelRio
301.5,<music21.chord.Chord D#3 E5>,"[0, 1]","[3, 4]",AlariodelRio_Sol_Sostenido.xml,51,1.750,AlariodelRio
302,<music21.chord.Chord F#3 E5>,"[0, 2]","[4, 6]",AlariodelRio_Sol_Sostenido.xml,51,2.000,AlariodelRio
302.5,<music21.chord.Chord E3 E5>,[0],[4],AlariodelRio_Sol_Sostenido.xml,51,2.250,AlariodelRio
303,<music21.chord.Chord E3 E5>,[0],[4],AlariodelRio_Sol_Sostenido.xml,51,2.500,AlariodelRio
303.5,<music21.chord.Chord E5>,[0],[4],AlariodelRio_Sol_Sostenido.xml,51,2.750,AlariodelRio
304,<music21.chord.Chord E5>,[0],[4],AlariodelRio_Sol_Sostenido.xml,51,3.000,AlariodelRio
305,<music21.chord.Chord E5>,[0],[4],AlariodelRio_Sol_Sostenido.xml,51,3.500,AlariodelRio
305.5,<music21.chord.Chord E3 E5>,[0],[4],AlariodelRio_Sol_Sostenido.xml,51,3.750,AlariodelRio
306,<music21.chord.Chord C#3 E5>,"[0, 3]","[1, 4]",AlariodelRio_Sol_Sostenido.xml,52,1.000,AlariodelRio
306.5,<music21.chord.Chord D#3 E5>,"[0, 1]","[3, 4]",AlariodelRio_Sol_Sostenido.xml,52,1.250,AlariodelRio
307,<music21.chord.Chord F#3 C#5>,"[0, 5]","[1, 6]",AlariodelRio_Sol_Sostenido.xml,52,1.500,AlariodelRio
307.5,<music21.chord.Chord E3 C#5>,"[0, 3]","[1, 4]",AlariodelRio_Sol_Sostenido.xml,52,1.750,AlariodelRio
308,<music21.chord.Chord E3 C#5>,"[0, 3]","[1, 4]",AlariodelRio_Sol_Sostenido.xml,52,2.000,AlariodelRio
308.5,<music21.chord.Chord C#5>,[0],[1],AlariodelRio_Sol_Sostenido.xml,52,2.250,AlariodelRio
309,<music21.chord.Chord C#5>,[0],[1],AlariodelRio_Sol_Sostenido.xml,52,2.500,AlariodelRio
310,<music21.chord.Chord C#5>,[0],[1],AlariodelRio_Sol_Sostenido.xml,52,3.000,AlariodelRio
310.5,<music21.chord.Chord E3 C#5>,"[0, 3]","[1, 4]",AlariodelRio_Sol_Sostenido.xml,52,3.250,AlariodelRio
311,<music21.chord.Chord C#3 C#5>,[0],[1],AlariodelRio_Sol_Sostenido.xml,52,3.500,AlariodelRio
311.5,<music21.chord.Chord D#3 C#5>,"[0, 2]","[1, 3]",AlariodelRio_Sol_Sostenido.xml,52,3.750,AlariodelRio
312,<music21.chord.Chord F#3 C#5>,"[0, 5]","[1, 6]",AlariodelRio_Sol_Sostenido.xml,53,1.000,AlariodelRio
312.5,<music21.chord.Chord E3 C#5>,"[0, 3]","[1, 4]",AlariodelRio_Sol_Sostenido.xml,53,1.250,AlariodelRio
313,<music21.chord.Chord E3 C#5>,"[0, 3]","[1, 4]",AlariodelRio_Sol_Sostenido.xml,53,1.500,AlariodelRio
313.5,<music21.chord.Chord C#5>,[0],[1],AlariodelRio_Sol_Sostenido.xml,53,1.750,AlariodelRio
314,<music21.chord.Chord C#5>,[0],[1],AlariodelRio_Sol_Sostenido.xml,53,2.000,AlariodelRio
315,<music21.chord.Chord C#5>,[0],[1],AlariodelRio_Sol_Sostenido.xml,53,2.500,AlariodelRio
315.5,<music21.chord.Chord E3 C#5>,"[0, 3]","[1, 4]",AlariodelRio_Sol_Sostenido.xml,53,2.750,AlariodelRio
316,<music21.chord.Chord C#3 C#5>,[0],[1],AlariodelRio_Sol_Sostenido.xml,53,3.000,AlariodelRio
316.5,<music21.chord.Chord D#3 C#5>,"[0, 2]","[1, 3]",AlariodelRio_Sol_Sostenido.xml,53,3.250,AlariodelRio
317,<music21.chord.Chord B2 D#5>,"[0, -8]","[11, 3]",AlariodelRio_Sol_Sostenido.xml,53,3.500,AlariodelRio
317.5,<music21.chord.Chord F#3 D#5>,"[0, 3]","[3, 6]",AlariodelRio_Sol_Sostenido.xml,53,3.750,AlariodelRio
318,<music21.chord.Chord G#2 D#5>,"[0, 5]","[3, 8]",AlariodelRio_Sol_Sostenido.xml,54,1.000,AlariodelRio
318.5,<music21.chord.Chord G#3 D#5>,"[0, 5]","[3, 8]",AlariodelRio_Sol_Sostenido.xml,54,1.250,AlariodelRio
319,<music21.chord.Chord B2 D#5>,"[0, -8]","[11, 3]",AlariodelRio_Sol_Sostenido.xml,54,1.500,AlariodelRio
319.5,<music21.chord.Chord G#2 D#5>,"[0, 5]","[3, 8]",AlariodelRio_Sol_Sostenido.xml,54,1.750,AlariodelRio
320,<music21.chord.Chord B2 D#5>,"[0, -8]","[11, 3]",AlariodelRio_Sol_Sostenido.xml,54,2.000,AlariodelRio
320.5,<music21.chord.Chord C#3 D#5>,"[0, 2]","[1, 3]",AlariodelRio_Sol_Sostenido.xml,54,2.250,AlariodelRio
321,<music21.chord.Chord G#2 D#5>,"[0, 5]","[3, 8]",AlariodelRio_Sol_Sostenido.xml,54,2.500,AlariodelRio
321.5,<music21.chord.Chord F#3 D#5>,"[0, 3]","[3, 6]",AlariodelRio_Sol_Sostenido.xml,54,2.750,AlariodelRio
322,<music21.chord.Chord D#5>,[0],[3],AlariodelRio_Sol_Sostenido.xml,54,3.000,AlariodelRio
323,<music21.chord.Chord D#5>,[0],[3],AlariodelRio_Sol_Sostenido.xml,54,3.500,AlariodelRio
324,<music21.chord.Chord E3 D#5>,"[0, 1]","[3, 4]",AlariodelRio_Sol_Sostenido.xml,55,1.000,AlariodelRio
324.5,<music21.chord.Chord F#3 D#5>,"[0, 3]","[3, 6]",AlariodelRio_Sol_Sostenido.xml,55,1.250,AlariodelRio
325,<music21.chord.Chord A#2 D#5>,"[0, -7]","[10, 3]",AlariodelRio_Sol_Sostenido.xml,55,1.500,AlariodelRio
325.5,<music21.chord.Chord B2 D#5>,"[0, -8]","[11, 3]",AlariodelRio_Sol_Sostenido.xml,55,1.750,AlariodelRio
326,<music21.chord.Chord D#3 D#5>,[0],[3],AlariodelRio_Sol_Sostenido.xml,55,2.000,AlariodelRio
326.5,<music21.chord.Chord D#3 D#5>,[0],[3],AlariodelRio_Sol_Sostenido.xml,55,2.250,AlariodelRio
327,<music21.chord.Chord F#3>,[0],[6],AlariodelRio_Sol_Sostenido.xml,55,2.500,AlariodelRio
327.5,<music21.chord.Chord E3>,[0],[4],AlariodelRio_Sol_Sostenido.xml,55,2.750,AlariodelRio
328,<music21.chord.Chord E3>,[0],[4],AlariodelRio_Sol_Sostenido.xml,55,3.000,AlariodelRio
330.5,<music21.chord.Chord E3>,[0],[4],AlariodelRio_Sol_Sostenido.xml,56,1.250,AlariodelRio
331,<music21.chord.Chord C#3>,[0],[1],AlariodelRio_Sol_Sostenido.xml,56,1.500,AlariodelRio
331.5,<music21.chord.Chord D#3>,[0],[3],AlariodelRio_Sol_Sostenido.xml,56,1.750,AlariodelRio
332,<music21.chord.Chord F#3>,[0],[6],AlariodelRio_Sol_Sostenido.xml,56,2.000,AlariodelRio
332.5,<music21.chord.Chord E3>,[0],[4],AlariodelRio_Sol_Sostenido.xml,56,2.250,AlariodelRio
333,<music21.chord.Chord E3>,[0],[4],AlariodelRio_Sol_Sostenido.xml,56,2.500,AlariodelRio
335.5,<music21.chord.Chord E3>,[0],[4],AlariodelRio_Sol_Sostenido.xml,56,3.750,AlariodelRio
336,<music21.chord.Chord C#3>,[0],[1],AlariodelRio_Sol_Sostenido.xml,57,1.000,AlariodelRio
336.5,<music21.chord.Chord D#3>,[0],[3],AlariodelRio_Sol_Sostenido.xml,57,1.250,AlariodelRio
337,<music21.chord.Chord F#3>,[0],[6],AlariodelRio_Sol_Sostenido.xml,57,1.500,AlariodelRio
337.5,<music21.chord.Chord E3>,[0],[4],AlariodelRio_Sol_Sostenido.xml,57,1.750,AlariodelRio
338,<music21.chord.Chord E3>,[0],[4],AlariodelRio_Sol_Sostenido.xml,57,2.000,AlariodelRio
340.5,<music21.chord.Chord E3>,[0],[4],AlariodelRio_Sol_Sostenido.xml,57,3.250,AlariodelRio
341,<music21.chord.Chord C#3>,[0],[1],AlariodelRio_Sol_Sostenido.xml,57,3.500,AlariodelRio
341.5,<music21.chord.Chord D#3>,[0],[3],AlariodelRio_Sol_Sostenido.xml,57,3.750,AlariodelRio
342,<music21.chord.Chord E3>,[0],[4],AlariodelRio_Sol_Sostenido.xml,58,1.000,AlariodelRio
342.5,<music21.chord.Chord F#3>,[0],[6],AlariodelRio_Sol_Sostenido.xml,58,1.250,AlariodelRio
343,<music21.chord.Chord A#2>,[0],[10],AlariodelRio_Sol_Sostenido.xml,58,1.500,AlariodelRio
343.5,<music21.chord.Chord B2>,[0],[11],AlariodelRio_Sol_Sostenido.xml,58,1.750,AlariodelRio
344,<music21.chord.Chord D#3>,[0],[3],AlariodelRio_Sol_Sostenido.xml,58,2.000,AlariodelRio
344.5,<music21.chord.Chord D#3>,[0],[3],AlariodelRio_Sol_Sostenido.xml,58,2.250,AlariodelRio
345,<music21.chord.Chord B2>,[0],[11],AlariodelRio_Sol_Sostenido.xml,58,2.500,AlariodelRio
345.5,<music21.chord.Chord F#3>,[0],[6],AlariodelRio_Sol_Sostenido.xml,58,2.750,AlariodelRio
346,<music21.chord.Chord G#2>,[0],[8],AlariodelRio_Sol_Sostenido.xml,58,3.000,AlariodelRio
346.5,<music21.chord.Chord G#3>,[0],[8],AlariodelRio_Sol_Sostenido.xml,58,3.250,AlariodelRio
347,<music21.chord.Chord B2>,[0],[11],AlariodelRio_Sol_Sostenido.xml,58,3.500,AlariodelRio
347.5,<music21.chord.Chord G#2>,[0],[8],AlariodelRio_Sol_Sostenido.xml,58,3.750,AlariodelRio
348,<music21.chord.Chord B2>,[0],[11],AlariodelRio_Sol_Sostenido.xml,59,1.000,AlariodelRio
348.5,<music21.chord.Chord C#3>,[0],[1],AlariodelRio_Sol_Sostenido.xml,59,1.250,AlariodelRio
349,<music21.chord.Chord G#2>,[0],[8],AlariodelRio_Sol_Sostenido.xml,59,1.500,AlariodelRio
349.5,<music21.chord.Chord F#3>,[0],[6],AlariodelRio_Sol_Sostenido.xml,59,1.750,AlariodelRio
352,<music21.chord.Chord E3>,[0],[4],AlariodelRio_Sol_Sostenido.xml,59,3.000,AlariodelRio
352.5,<music21.chord.Chord A#3>,[0],[10],AlariodelRio_Sol_Sostenido.xml,59,3.250,AlariodelRio
353,<music21.chord.Chord C#3>,[0],[1],AlariodelRio_Sol_Sostenido.xml,59,3.500,AlariodelRio
353.5,<music21.chord.Chord B2>,[0],[11],AlariodelRio_Sol_Sostenido.xml,59,3.750,AlariodelRio
356,<music21.chord.Chord E3>,[0],[4],AlariodelRio_Sol_Sostenido.xml,60,2.000,AlariodelRio
356.5,<music21.chord.Chord A#3>,[0],[10],AlariodelRio_Sol_Sostenido.xml,60,2.250,AlariodelRio
357,<music21.chord.Chord C#3>,[0],[1],AlariodelRio_Sol_Sostenido.xml,60,2.500,AlariodelRio
357.5,<music21.chord.Chord B2>,[0],[11],AlariodelRio_Sol_Sostenido.xml,60,2.750,AlariodelRio
360,<music21.chord.Chord E3>,[0],[4],AlariodelRio_Sol_Sostenido.xml,61,1.000,AlariodelRio
360.5,<music21.chord.Chord A#3>,[0],[10],AlariodelRio_Sol_Sostenido.xml,61,1.250,AlariodelRio
361,<music21.chord.Chord C#3>,[0],[1],AlariodelRio_Sol_Sostenido.xml,61,1.500,AlariodelRio
361.5,<music21.chord.Chord B2>,[0],[11],AlariodelRio_Sol_Sostenido.xml,61,1.750,AlariodelRio
364,<music21.chord.Chord E3>,[0],[4],AlariodelRio_Sol_Sostenido.xml,61,3.000,AlariodelRio
364.5,<music21.chord.Chord F#3>,[0],[6],AlariodelRio_Sol_Sostenido.xml,61,3.250,AlariodelRio
365,<music21.chord.Chord A#2>,[0],[10],AlariodelRio_Sol_Sostenido.xml,61,3.500,AlariodelRio
365.5,<music21.chord.Chord B2>,[0],[11],AlariodelRio_Sol_Sostenido.xml,61,3.750,AlariodelRio
366,<music21.chord.Chord D#3>,[0],[3],AlariodelRio_Sol_Sostenido.xml,62,1.000,AlariodelRio
366.5,<music21.chord.Chord D#3>,[0],[3],AlariodelRio_Sol_Sostenido.xml,62,1.250,AlariodelRio
367,<music21.chord.Chord B2>,[0],[11],AlariodelRio_Sol_Sostenido.xml,62,1.500,AlariodelRio
367.5,<music21.chord.Chord F#3>,[0],[6],AlariodelRio_Sol_Sostenido.xml,62,1.750,AlariodelRio
368,<music21.chord.Chord G#2>,[0],[8],AlariodelRio_Sol_Sostenido.xml,62,2.000,AlariodelRio
368.5,<music21.chord.Chord G#3>,[0],[8],AlariodelRio_Sol_Sostenido.xml,62,2.250,AlariodelRio
369,<music21.chord.Chord B2>,[0],[11],AlariodelRio_Sol_Sostenido.xml,62,2.500,AlariodelRio
369.5,<music21.chord.Chord G#2>,[0],[8],AlariodelRio_Sol_Sostenido.xml,62,2.750,AlariodelRio
370,<music21.chord.Chord B2>,[0],[11],AlariodelRio_Sol_Sostenido.xml,62,3.000,AlariodelRio
370.5,<music21.chord.Chord C#3>,[0],[1],AlariodelRio_Sol_Sostenido.xml,62,3.250,AlariodelRio
371,<music21.chord.Chord G#2>,[0],[8],AlariodelRio_Sol_Sostenido.xml,62,3.500,AlariodelRio
371.5,<music21.chord.Chord F#3>,[0],[6],AlariodelRio_Sol_Sostenido.xml,62,3.750,AlariodelRio
374,<music21.chord.Chord E3>,[0],[4],AlariodelRio_Sol_Sostenido.xml,63,2.000,AlariodelRio
374.5,<music21.chord.Chord A#3>,[0],[10],AlariodelRio_Sol_Sostenido.xml,63,2.250,AlariodelRio
375,<music21.chord.Chord C#3>,[0],[1],AlariodelRio_Sol_Sostenido.xml,63,2.500,AlariodelRio
375.5,<music21.chord.Chord B2>,[0],[11],AlariodelRio_Sol_Sostenido.xml,63,2.750,AlariodelRio
378,<music21.chord.Chord E3>,[0],[4],AlariodelRio_Sol_Sostenido.xml,64,1.000,AlariodelRio
378.5,<music21.chord.Chord A#3>,[0],[10],AlariodelRio_Sol_Sostenido.xml,64,1.250,AlariodelRio
379,<music21.chord.Chord C#3>,[0],[1],AlariodelRio_Sol_Sostenido.xml,64,1.500,AlariodelRio
379.5,<music21.chord.Chord B2>,[0],[11],AlariodelRio_Sol_Sostenido.xml,64,1.750,AlariodelRio
382,<music21.chord.Chord E3>,[0],[4],AlariodelRio_Sol_Sostenido.xml,64,3.000,AlariodelRio
382.5,<music21.chord.Chord A#3>,[0],[10],AlariodelRio_Sol_Sostenido.xml,64,3.250,AlariodelRio
383,<music21.chord.Chord C#3>,[0],[1],AlariodelRio_Sol_Sostenido.xml,64,3.500,AlariodelRio
383.5,<music21.chord.Chord B2>,[0],[11],AlariodelRio_Sol_Sostenido.xml,64,3.750,AlariodelRio
386,<music21.chord.Chord E3>,[0],[4],AlariodelRio_Sol_Sostenido.xml,65,2.000,AlariodelRio
386.5,<music21.chord.Chord F#3>,[0],[6],AlariodelRio_Sol_Sostenido.xml,65,2.250,AlariodelRio
387,<music21.chord.Chord A#2>,[0],[10],AlariodelRio_Sol_Sostenido.xml,65,2.500,AlariodelRio
387.5,<music21.chord.Chord B2>,[0],[11],AlariodelRio_Sol_Sostenido.xml,65,2.750,AlariodelRio
388,<music21.chord.Chord D#3 B4>,"[0, -8]","[11, 3]",AlariodelRio_Sol_Sostenido.xml,65,3.000,AlariodelRio
388.5,<music21.chord.Chord D#3 B4>,"[0, -8]","[11, 3]",AlariodelRio_Sol_Sostenido.xml,65,3.250,AlariodelRio
389,<music21.chord.Chord B2 B4>,[0],[11],AlariodelRio_Sol_Sostenido.xml,65,3.500,AlariodelRio
389.5,<music21.chord.Chord F#3 B4>,"[0, 5]","[6, 11]",AlariodelRio_Sol_Sostenido.xml,65,3.750,AlariodelRio
390,<music21.chord.Chord G#2 B4>,"[0, 3]","[8, 11]",AlariodelRio_Sol_Sostenido.xml,66,1.000,AlariodelRio
390.5,<music21.chord.Chord G#3 B4>,"[0, 3]","[8, 11]",AlariodelRio_Sol_Sostenido.xml,66,1.250,AlariodelRio
391,<music21.chord.Chord B2 B4>,[0],[11],AlariodelRio_Sol_Sostenido.xml,66,1.500,AlariodelRio
391.5,<music21.chord.Chord G#2 B4>,"[0, 3]","[8, 11]",AlariodelRio_Sol_Sostenido.xml,66,1.750,AlariodelRio
392,<music21.chord.Chord B2 B4>,[0],[11],AlariodelRio_Sol_Sostenido.xml,66,2.000,AlariodelRio
392.5,<music21.chord.Chord C#3 B4>,"[0, -10]","[11, 1]",AlariodelRio_Sol_Sostenido.xml,66,2.250,AlariodelRio
393,<music21.chord.Chord G#2 B4>,"[0, 3]","[8, 11]",AlariodelRio_Sol_Sostenido.xml,66,2.500,AlariodelRio
393.5,<music21.chord.Chord F#3 B4>,"[0, 5]","[6, 11]",AlariodelRio_Sol_Sostenido.xml,66,2.750,AlariodelRio
396,<music21.chord.Chord E3>,[0],[4],AlariodelRio_Sol_Sostenido.xml,67,1.000,AlariodelRio
396.5,<music21.chord.Chord A#3>,[0],[10],AlariodelRio_Sol_Sostenido.xml,67,1.250,AlariodelRio
397,<music21.chord.Chord C#3>,[0],[1],AlariodelRio_Sol_Sostenido.xml,67,1.500,AlariodelRio
397.5,<music21.chord.Chord B2>,[0],[11],AlariodelRio_Sol_Sostenido.xml,67,1.750,AlariodelRio
400,<music21.chord.Chord E3>,[0],[4],AlariodelRio_Sol_Sostenido.xml,67,3.000,AlariodelRio
400.5,<music21.chord.Chord A#3>,[0],[10],AlariodelRio_Sol_Sostenido.xml,67,3.250,AlariodelRio
401,<music21.chord.Chord C#3>,[0],[1],AlariodelRio_Sol_Sostenido.xml,67,3.500,AlariodelRio
401.5,<music21.chord.Chord B2>,[0],[11],AlariodelRio_Sol_Sostenido.xml,67,3.750,AlariodelRio
404,<music21.chord.Chord E3>,[0],[4],AlariodelRio_Sol_Sostenido.xml,68,2.000,AlariodelRio
404.5,<music21.chord.Chord A#3>,[0],[10],AlariodelRio_Sol_Sostenido.xml,68,2.250,AlariodelRio
405,<music21.chord.Chord C#3>,[0],[1],AlariodelRio_Sol_Sostenido.xml,68,2.500,AlariodelRio
405.5,<music21.chord.Chord B2>,[0],[11],AlariodelRio_Sol_Sostenido.xml,68,2.750,AlariodelRio
408,<music21.chord.Chord A#2 F#3 B4 A#5>,"[0, 4, 5]","[6, 10, 11]",AlariodelRio_Sol_Sostenido.xml,69,1.000,AlariodelRio
410,<music21.chord.Chord A#2 C#3 B4 C#5>,"[0, 1, -9]","[10, 11, 1]",AlariodelRio_Sol_Sostenido.xml,69,2.000,AlariodelRio
412,<music21.chord.Chord A#2 A#3 A#4 A#5>,[0],[10],AlariodelRio_Sol_Sostenido.xml,69,3.000,AlariodelRio
