Offset,Chord,NormalForm,PCsInNormalForm,File,Composer,measureNumber,beatNumber
0,<music21.chord.Chord E-2 B-2 A-3 D-4 F4>,"[0, 2, 4, 7, 9]","[1, 3, 5, 8, 10]",Copland_Piano_Blues_No_3.mxl,Copland,1,1.000
0.5,<music21.chord.Chord F2 C3 G3 C4 E-4>,"[0, 3, 5, 7]","[0, 3, 5, 7]",Copland_Piano_Blues_No_3.mxl,Copland,1,1.500
1.5,<music21.chord.Chord F2 C3 G3 C4 E-4>,"[0, 3, 5, 7]","[0, 3, 5, 7]",Copland_Piano_Blues_No_3.mxl,Copland,1,2.500
1.75,<music21.chord.Chord G-2 D-3 B-3 F4 A-4>,"[0, 1, 3, 5, 8]","[5, 6, 8, 10, 1]",Copland_Piano_Blues_No_3.mxl,Copland,1,2.750
2,<music21.chord.Chord G-2 D-3 B-3 F4 A-4>,"[0, 1, 3, 5, 8]","[5, 6, 8, 10, 1]",Copland_Piano_Blues_No_3.mxl,Copland,1,3.000
3,<music21.chord.Chord C-2 D-3 B-3 E-4 G4>,"[0, 3, 4, 6, 8]","[7, 10, 11, 1, 3]",Copland_Piano_Blues_No_3.mxl,Copland,1,4.000
4,<music21.chord.Chord E-2 B-2 A-3 D-4 F4>,"[0, 2, 4, 7, 9]","[1, 3, 5, 8, 10]",Copland_Piano_Blues_No_3.mxl,Copland,2,1.000
4.5,<music21.chord.Chord F2 C3 G3 C4 E-4>,"[0, 3, 5, 7]","[0, 3, 5, 7]",Copland_Piano_Blues_No_3.mxl,Copland,2,1.500
5.5,<music21.chord.Chord F2 C3 G3 C4 E-4>,"[0, 3, 5, 7]","[0, 3, 5, 7]",Copland_Piano_Blues_No_3.mxl,Copland,2,2.500
5.75,<music21.chord.Chord G-2 D-3 B-3 F4 A-4>,"[0, 1, 3, 5, 8]","[5, 6, 8, 10, 1]",Copland_Piano_Blues_No_3.mxl,Copland,2,2.750
6,<music21.chord.Chord G-2 D-3 B-3 F4 A-4>,"[0, 1, 3, 5, 8]","[5, 6, 8, 10, 1]",Copland_Piano_Blues_No_3.mxl,Copland,2,3.000
7,<music21.chord.Chord G-1 G-2 D-3 B-3 F4 A-4 D-5 F5>,"[0, 1, 3, 5, 8]","[5, 6, 8, 10, 1]",Copland_Piano_Blues_No_3.mxl,Copland,2,4.000
8,<music21.chord.Chord E-2 B-2 A-3 D-4 F4>,"[0, 2, 4, 7, 9]","[1, 3, 5, 8, 10]",Copland_Piano_Blues_No_3.mxl,Copland,3,1.000
8.5,<music21.chord.Chord F2 C3 G3 C4 E-4>,"[0, 3, 5, 7]","[0, 3, 5, 7]",Copland_Piano_Blues_No_3.mxl,Copland,3,1.500
9.5,<music21.chord.Chord F2 C3 G3 C4 E-4>,"[0, 3, 5, 7]","[0, 3, 5, 7]",Copland_Piano_Blues_No_3.mxl,Copland,3,2.500
9.75,<music21.chord.Chord G-2 D-3 B-3 F4 A-4>,"[0, 1, 3, 5, 8]","[5, 6, 8, 10, 1]",Copland_Piano_Blues_No_3.mxl,Copland,3,2.750
10,<music21.chord.Chord G-2 D-3 B-3 F4 A-4>,"[0, 1, 3, 5, 8]","[5, 6, 8, 10, 1]",Copland_Piano_Blues_No_3.mxl,Copland,3,3.000
11,<music21.chord.Chord C-2 D-3 B-3 E-4 G4>,"[0, 3, 4, 6, 8]","[7, 10, 11, 1, 3]",Copland_Piano_Blues_No_3.mxl,Copland,3,4.000
12,<music21.chord.Chord E-2 B-2 A-3 D-4 F4>,"[0, 2, 4, 7, 9]","[1, 3, 5, 8, 10]",Copland_Piano_Blues_No_3.mxl,Copland,4,1.000
12.5,<music21.chord.Chord F2 C3 G3 C4 E-4>,"[0, 3, 5, 7]","[0, 3, 5, 7]",Copland_Piano_Blues_No_3.mxl,Copland,4,1.500
13.5,<music21.chord.Chord F2 C3 G3 C4 E-4>,"[0, 3, 5, 7]","[0, 3, 5, 7]",Copland_Piano_Blues_No_3.mxl,Copland,4,2.500
13.75,<music21.chord.Chord G-2 D-3 A-3 B-3 F4 C5>,"[0, 1, 3, 5, 7, 8]","[5, 6, 8, 10, 0, 1]",Copland_Piano_Blues_No_3.mxl,Copland,4,2.750
14,<music21.chord.Chord G-2 D-3 A-3 B-3 F4 C5>,"[0, 1, 3, 5, 7, 8]","[5, 6, 8, 10, 0, 1]",Copland_Piano_Blues_No_3.mxl,Copland,4,3.000
15,<music21.chord.Chord G-1 G-2 D-3 A-3 B-3 F4 C5 F5 A-5>,"[0, 1, 3, 5, 7, 8]","[5, 6, 8, 10, 0, 1]",Copland_Piano_Blues_No_3.mxl,Copland,4,4.000
16,<music21.chord.Chord F3 E-4 C5>,"[0, 3, 5]","[0, 3, 5]",Copland_Piano_Blues_No_3.mxl,Copland,5,1.000
16.5,<music21.chord.Chord A-3 F4 A-4>,"[0, 3]","[5, 8]",Copland_Piano_Blues_No_3.mxl,Copland,5,2.000
17.5,<music21.chord.Chord B-3 D-4 C5>,"[0, 2, 3]","[10, 0, 1]",Copland_Piano_Blues_No_3.mxl,Copland,5,4.000
18.5,<music21.chord.Chord D-3 F4 B-4>,"[0, 3, 7]","[10, 1, 5]",Copland_Piano_Blues_No_3.mxl,Copland,5,6.000
19.5,<music21.chord.Chord E-3 D-4 A-4>,"[0, 2, 7]","[1, 3, 8]",Copland_Piano_Blues_No_3.mxl,Copland,6,1.000
20,<music21.chord.Chord F3 E-4 C5>,"[0, 3, 5]","[0, 3, 5]",Copland_Piano_Blues_No_3.mxl,Copland,6,2.000
21,<music21.chord.Chord A-3 F4 B-4>,"[0, 3, 5]","[5, 8, 10]",Copland_Piano_Blues_No_3.mxl,Copland,6,4.000
22,<music21.chord.Chord B-2 A-3 F4 B-4 D-5 F5>,"[0, 3, 5, 8]","[5, 8, 10, 1]",Copland_Piano_Blues_No_3.mxl,Copland,6,6.000
23,<music21.chord.Chord F2 A-3 E-4 C5>,"[0, 3, 5, 8]","[0, 3, 5, 8]",Copland_Piano_Blues_No_3.mxl,Copland,7,1.000
23.5,<music21.chord.Chord A-2 B-3 F4 A-4>,"[0, 3, 5]","[5, 8, 10]",Copland_Piano_Blues_No_3.mxl,Copland,7,2.000
24.5,<music21.chord.Chord B-2 A-3 D-4 C5>,"[0, 2, 4, 5]","[8, 10, 0, 1]",Copland_Piano_Blues_No_3.mxl,Copland,7,4.000
25.5,<music21.chord.Chord D-3 B-3 F4 B-4 E-5>,"[0, 3, 5, 7]","[10, 1, 3, 5]",Copland_Piano_Blues_No_3.mxl,Copland,7,6.000
26.5,<music21.chord.Chord E-3 B-3 D-4 A-4>,"[0, 2, 5, 7]","[8, 10, 1, 3]",Copland_Piano_Blues_No_3.mxl,Copland,8,1.000
27,<music21.chord.Chord F3 A-3 E-4 C5>,"[0, 3, 5, 8]","[0, 3, 5, 8]",Copland_Piano_Blues_No_3.mxl,Copland,8,2.000
28,<music21.chord.Chord A-3 D-4 B-4 E-5>,"[0, 2, 5, 7]","[8, 10, 1, 3]",Copland_Piano_Blues_No_3.mxl,Copland,8,4.000
29,<music21.chord.Chord B-2 A-3 D-4 B-4 E-5 F5 A-5>,"[0, 2, 4, 7, 9]","[1, 3, 5, 8, 10]",Copland_Piano_Blues_No_3.mxl,Copland,8,6.000
30,<music21.chord.Chord E-2 B-2 A-3 D-4 F4>,"[0, 2, 4, 7, 9]","[1, 3, 5, 8, 10]",Copland_Piano_Blues_No_3.mxl,Copland,9,1.000
30.5,<music21.chord.Chord F2 C3 G3 C4 E-4>,"[0, 3, 5, 7]","[0, 3, 5, 7]",Copland_Piano_Blues_No_3.mxl,Copland,9,1.500
31.5,<music21.chord.Chord F2 C3 G3 C4 E-4>,"[0, 3, 5, 7]","[0, 3, 5, 7]",Copland_Piano_Blues_No_3.mxl,Copland,9,2.500
31.75,<music21.chord.Chord G-2 D-3 B-3 F4 A-4>,"[0, 1, 3, 5, 8]","[5, 6, 8, 10, 1]",Copland_Piano_Blues_No_3.mxl,Copland,9,2.750
32,<music21.chord.Chord G-2 D-3 B-3 F4 A-4>,"[0, 1, 3, 5, 8]","[5, 6, 8, 10, 1]",Copland_Piano_Blues_No_3.mxl,Copland,9,3.000
33,<music21.chord.Chord C-2 D-3 B-3 E-4 G4>,"[0, 3, 4, 6, 8]","[7, 10, 11, 1, 3]",Copland_Piano_Blues_No_3.mxl,Copland,9,4.000
34,<music21.chord.Chord E-2 B-2 A-3 D-4 F4>,"[0, 2, 4, 7, 9]","[1, 3, 5, 8, 10]",Copland_Piano_Blues_No_3.mxl,Copland,10,1.000
34.5,<music21.chord.Chord F2 C3 G3 C4 E-4>,"[0, 3, 5, 7]","[0, 3, 5, 7]",Copland_Piano_Blues_No_3.mxl,Copland,10,1.500
35.5,<music21.chord.Chord F2 C3 G3 C4 E-4>,"[0, 3, 5, 7]","[0, 3, 5, 7]",Copland_Piano_Blues_No_3.mxl,Copland,10,2.500
35.75,<music21.chord.Chord G-2 D-3 A-3 B-3 F4 C5>,"[0, 1, 3, 5, 7, 8]","[5, 6, 8, 10, 0, 1]",Copland_Piano_Blues_No_3.mxl,Copland,10,2.750
36,<music21.chord.Chord G-2 D-3 A-3 B-3 F4 C5>,"[0, 1, 3, 5, 7, 8]","[5, 6, 8, 10, 0, 1]",Copland_Piano_Blues_No_3.mxl,Copland,10,3.000
37,<music21.chord.Chord G-1 G-2 D-3 A-3 B-3 F4 C5 F5 A-5>,"[0, 1, 3, 5, 7, 8]","[5, 6, 8, 10, 0, 1]",Copland_Piano_Blues_No_3.mxl,Copland,10,4.000
38,<music21.chord.Chord E-2 B-2 A-3 D-4 F4>,"[0, 2, 4, 7, 9]","[1, 3, 5, 8, 10]",Copland_Piano_Blues_No_3.mxl,Copland,11,1.000
38.5,<music21.chord.Chord F2 C3 G3 C4 E-4>,"[0, 3, 5, 7]","[0, 3, 5, 7]",Copland_Piano_Blues_No_3.mxl,Copland,11,2.000
39.5,<music21.chord.Chord G-2 D-3 A-3 C4 A-4 E-5>,"[0, 1, 3, 6, 8]","[0, 1, 3, 6, 8]",Copland_Piano_Blues_No_3.mxl,Copland,11,4.000
40.5,<music21.chord.Chord G-2 D-3 A-3 C4 E-4 A-4 C5>,"[0, 1, 3, 6, 8]","[0, 1, 3, 6, 8]",Copland_Piano_Blues_No_3.mxl,Copland,11,6.000
41.5,<music21.chord.Chord F2 C3 B-3 E-4 G4>,"[0, 2, 4, 7, 9]","[3, 5, 7, 10, 0]",Copland_Piano_Blues_No_3.mxl,Copland,12,1.000
42,<music21.chord.Chord G2 D3 A3 D4 F4>,"[0, 3, 5, 7]","[2, 5, 7, 9]",Copland_Piano_Blues_No_3.mxl,Copland,12,1.500
43.5,<music21.chord.Chord A-2 E-3 B-3 D4 B-4 F5>,"[0, 1, 3, 6, 8]","[2, 3, 5, 8, 10]",Copland_Piano_Blues_No_3.mxl,Copland,12,3.000
44.5,<music21.chord.Chord A-1 A-2 E-3 B-3 D4 B-4 F5>,"[0, 1, 3, 6, 8]","[2, 3, 5, 8, 10]",Copland_Piano_Blues_No_3.mxl,Copland,12,4.000
45.5,<music21.chord.Chord G3 E-5 G5>,"[0, 4]","[3, 7]",Copland_Piano_Blues_No_3.mxl,Copland,13,1.000
46,<music21.chord.Chord A-3 C5 E-5>,"[0, 4, 7]","[8, 0, 3]",Copland_Piano_Blues_No_3.mxl,Copland,13,2.000
47,<music21.chord.Chord B-3 E-5 G5>,"[0, 4, 7]","[3, 7, 10]",Copland_Piano_Blues_No_3.mxl,Copland,13,4.000
48,<music21.chord.Chord B-4 D5 F5>,"[0, 4, 7]","[10, 2, 5]",Copland_Piano_Blues_No_3.mxl,Copland,13,6.000
49,<music21.chord.Chord G3 C5 E-5>,"[0, 3, 7]","[0, 3, 7]",Copland_Piano_Blues_No_3.mxl,Copland,14,1.000
49.5,<music21.chord.Chord A-3 E-5 G5>,"[0, 4, 5]","[3, 7, 8]",Copland_Piano_Blues_No_3.mxl,Copland,14,1.333
50.5,<music21.chord.Chord B-3 D5 F5>,"[0, 4, 7]","[10, 2, 5]",Copland_Piano_Blues_No_3.mxl,Copland,14,2.000
51.25,<music21.chord.Chord G3 D5 F5>,"[0, 3, 5]","[2, 5, 7]",Copland_Piano_Blues_No_3.mxl,Copland,14,2.500
51.5,<music21.chord.Chord A-3 C5 E-5>,"[0, 4, 7]","[8, 0, 3]",Copland_Piano_Blues_No_3.mxl,Copland,14,2.667
52,<music21.chord.Chord B-3 B-4 D5>,"[0, 4]","[10, 2]",Copland_Piano_Blues_No_3.mxl,Copland,15,1.000
52.5,<music21.chord.Chord C4 A-4 C5>,"[0, 4]","[8, 0]",Copland_Piano_Blues_No_3.mxl,Copland,15,1.333
53.5,<music21.chord.Chord D4 G4 B-4>,"[0, 3, 7]","[7, 10, 2]",Copland_Piano_Blues_No_3.mxl,Copland,15,2.000
54.5,<music21.chord.Chord E-4 C5 E-5>,"[0, 3]","[0, 3]",Copland_Piano_Blues_No_3.mxl,Copland,15,2.667
55,<music21.chord.Chord E-4 C5 E-5>,"[0, 3]","[0, 3]",Copland_Piano_Blues_No_3.mxl,Copland,16,1.000
55.5,<music21.chord.Chord B-3 G4 B-4>,"[0, 3]","[7, 10]",Copland_Piano_Blues_No_3.mxl,Copland,16,1.333
56,<music21.chord.Chord G3 C5 E-5>,"[0, 3, 7]","[0, 3, 7]",Copland_Piano_Blues_No_3.mxl,Copland,16,1.667
57,<music21.chord.Chord B-3 G4 B-4>,"[0, 3]","[7, 10]",Copland_Piano_Blues_No_3.mxl,Copland,16,2.333
57.5,<music21.chord.Chord G3 C5 E-5>,"[0, 3, 7]","[0, 3, 7]",Copland_Piano_Blues_No_3.mxl,Copland,16,2.667
58,<music21.chord.Chord G3 C5 E-5>,"[0, 3, 7]","[0, 3, 7]",Copland_Piano_Blues_No_3.mxl,Copland,17,1.000
58.5,<music21.chord.Chord B-3 G4 B-4>,"[0, 3]","[7, 10]",Copland_Piano_Blues_No_3.mxl,Copland,17,1.333
59.5,<music21.chord.Chord C4 F4 A-4>,"[0, 3, 7]","[5, 8, 0]",Copland_Piano_Blues_No_3.mxl,Copland,17,2.000
60,<music21.chord.Chord D4 E-4 G4>,"[0, 1, 5]","[2, 3, 7]",Copland_Piano_Blues_No_3.mxl,Copland,17,2.333
61,<music21.chord.Chord F3 E-4 G4>,"[0, 2, 4]","[3, 5, 7]",Copland_Piano_Blues_No_3.mxl,Copland,18,1.000
61.5,<music21.chord.Chord G3 D4 F4>,"[0, 3, 5]","[2, 5, 7]",Copland_Piano_Blues_No_3.mxl,Copland,18,2.000
62.5,<music21.chord.Chord A-3 G4 B-4>,"[0, 1, 3]","[7, 8, 10]",Copland_Piano_Blues_No_3.mxl,Copland,18,4.000
63.5,<music21.chord.Chord B-3 F4 A4>,"[0, 4, 5]","[5, 9, 10]",Copland_Piano_Blues_No_3.mxl,Copland,18,6.000
64.5,<music21.chord.Chord F3 E-4 G4>,"[0, 2, 4]","[3, 5, 7]",Copland_Piano_Blues_No_3.mxl,Copland,19,1.000
65,<music21.chord.Chord G3 D4 F4>,"[0, 3, 5]","[2, 5, 7]",Copland_Piano_Blues_No_3.mxl,Copland,19,2.000
66,<music21.chord.Chord A-3 G4 B-4>,"[0, 1, 3]","[7, 8, 10]",Copland_Piano_Blues_No_3.mxl,Copland,19,4.000
67,<music21.chord.Chord C3 A-3 G4 B-4>,"[0, 1, 3, 5]","[7, 8, 10, 0]",Copland_Piano_Blues_No_3.mxl,Copland,19,6.000
68,<music21.chord.Chord F3 E-4 G4>,"[0, 2, 4]","[3, 5, 7]",Copland_Piano_Blues_No_3.mxl,Copland,20,1.000
68.5,<music21.chord.Chord G3 D4 F4>,"[0, 3, 5]","[2, 5, 7]",Copland_Piano_Blues_No_3.mxl,Copland,20,1.500
69.5,<music21.chord.Chord A-3 G4 B-4>,"[0, 1, 3]","[7, 8, 10]",Copland_Piano_Blues_No_3.mxl,Copland,20,2.500
70,<music21.chord.Chord A-3 G4 B-4>,"[0, 1, 3]","[7, 8, 10]",Copland_Piano_Blues_No_3.mxl,Copland,20,3.000
71,<music21.chord.Chord B-3 F4 A4>,"[0, 4, 5]","[5, 9, 10]",Copland_Piano_Blues_No_3.mxl,Copland,20,4.000
72,<music21.chord.Chord C4 E-4 G4>,"[0, 3, 7]","[0, 3, 7]",Copland_Piano_Blues_No_3.mxl,Copland,21,1.000
72.5,<music21.chord.Chord D4 F4>,"[0, 3]","[2, 5]",Copland_Piano_Blues_No_3.mxl,Copland,21,1.500
73.5,<music21.chord.Chord E-4 G4 B-4>,"[0, 4, 7]","[3, 7, 10]",Copland_Piano_Blues_No_3.mxl,Copland,21,2.500
74,<music21.chord.Chord E-4 G4 B-4>,"[0, 4, 7]","[3, 7, 10]",Copland_Piano_Blues_No_3.mxl,Copland,21,3.000
75,<music21.chord.Chord A-2 E-4 G4 B-4 E-5 G5>,"[0, 4, 5, 7]","[3, 7, 8, 10]",Copland_Piano_Blues_No_3.mxl,Copland,21,4.000
76,<music21.chord.Chord F2 A-3 E-5 B-5 D6>,"[0, 1, 3, 6, 8]","[2, 3, 5, 8, 10]",Copland_Piano_Blues_No_3.mxl,Copland,22,1.000
76.5,<music21.chord.Chord A-2 B-3 C5 E-5>,"[0, 2, 4, 7]","[8, 10, 0, 3]",Copland_Piano_Blues_No_3.mxl,Copland,22,2.000
77.5,<music21.chord.Chord B-2 C4 E-4 F4>,"[0, 2, 5, 7]","[10, 0, 3, 5]",Copland_Piano_Blues_No_3.mxl,Copland,22,4.000
78.5,<music21.chord.Chord B-2 B-3 C4 E-4 A-4 F5>,"[0, 2, 4, 7, 9]","[8, 10, 0, 3, 5]",Copland_Piano_Blues_No_3.mxl,Copland,22,6.000
79.5,<music21.chord.Chord F2 A-3 E-5 B-5 D6>,"[0, 1, 3, 6, 8]","[2, 3, 5, 8, 10]",Copland_Piano_Blues_No_3.mxl,Copland,23,1.000
80,<music21.chord.Chord A-2 B-3 C5 E-5>,"[0, 2, 4, 7]","[8, 10, 0, 3]",Copland_Piano_Blues_No_3.mxl,Copland,23,2.000
81,<music21.chord.Chord B-2 C4 E-4 F4>,"[0, 2, 5, 7]","[10, 0, 3, 5]",Copland_Piano_Blues_No_3.mxl,Copland,23,4.000
82,<music21.chord.Chord B-2 A-3 C4 E-4 A-4 F5>,"[0, 2, 4, 7, 9]","[8, 10, 0, 3, 5]",Copland_Piano_Blues_No_3.mxl,Copland,23,6.000
83,<music21.chord.Chord B-4 F5>,"[0, 5]","[5, 10]",Copland_Piano_Blues_No_3.mxl,Copland,24,1.000
83.5,<music21.chord.Chord A-4>,[0],[8],Copland_Piano_Blues_No_3.mxl,Copland,24,1.500
84,<music21.chord.Chord C4 A-4>,"[0, 4]","[8, 0]",Copland_Piano_Blues_No_3.mxl,Copland,24,2.000
84.5,<music21.chord.Chord C4 G5>,"[0, 5]","[7, 0]",Copland_Piano_Blues_No_3.mxl,Copland,24,2.500
85,<music21.chord.Chord C5 G5>,"[0, 5]","[7, 0]",Copland_Piano_Blues_No_3.mxl,Copland,24,3.000
85.5,<music21.chord.Chord C5 E-5>,"[0, 3]","[0, 3]",Copland_Piano_Blues_No_3.mxl,Copland,24,3.500
86,<music21.chord.Chord A-4 E-5>,"[0, 5]","[3, 8]",Copland_Piano_Blues_No_3.mxl,Copland,24,4.000
86.5,<music21.chord.Chord A-4 C5>,"[0, 4]","[8, 0]",Copland_Piano_Blues_No_3.mxl,Copland,24,4.500
87,<music21.chord.Chord A-4 B-4>,"[0, 2]","[8, 10]",Copland_Piano_Blues_No_3.mxl,Copland,25,1.000
87.5,<music21.chord.Chord A-4 C5>,"[0, 4]","[8, 0]",Copland_Piano_Blues_No_3.mxl,Copland,25,1.500
88,<music21.chord.Chord E-4 C5>,"[0, 3]","[0, 3]",Copland_Piano_Blues_No_3.mxl,Copland,25,2.000
88.5,<music21.chord.Chord E-4 B-5>,"[0, 5]","[10, 3]",Copland_Piano_Blues_No_3.mxl,Copland,25,2.500
89,<music21.chord.Chord E-5 B-5>,"[0, 5]","[10, 3]",Copland_Piano_Blues_No_3.mxl,Copland,25,3.000
89.5,<music21.chord.Chord E-5 F5>,"[0, 2]","[3, 5]",Copland_Piano_Blues_No_3.mxl,Copland,25,3.500
90,<music21.chord.Chord C4 F5>,"[0, 5]","[0, 5]",Copland_Piano_Blues_No_3.mxl,Copland,25,4.000
90.5,<music21.chord.Chord C4 A-5>,"[0, 4]","[8, 0]",Copland_Piano_Blues_No_3.mxl,Copland,25,4.500
91,<music21.chord.Chord F3 E-4 G4 D6>,"[0, 1, 3, 5]","[2, 3, 5, 7]",Copland_Piano_Blues_No_3.mxl,Copland,26,1.000
91.5,<music21.chord.Chord G3 D4 F4 B-5>,"[0, 3, 5, 8]","[2, 5, 7, 10]",Copland_Piano_Blues_No_3.mxl,Copland,26,1.500
92.5,<music21.chord.Chord A-3 G4 B-4 G5>,"[0, 1, 3]","[7, 8, 10]",Copland_Piano_Blues_No_3.mxl,Copland,26,2.500
93,<music21.chord.Chord A-3 G4 B-4 G5>,"[0, 1, 3]","[7, 8, 10]",Copland_Piano_Blues_No_3.mxl,Copland,26,3.000
94,<music21.chord.Chord C3 A-3 G4 B-4 G5>,"[0, 1, 3, 5]","[7, 8, 10, 0]",Copland_Piano_Blues_No_3.mxl,Copland,26,4.000
94.5,<music21.chord.Chord C3 A-3 G4 B-5>,"[0, 1, 3, 5]","[7, 8, 10, 0]",Copland_Piano_Blues_No_3.mxl,Copland,26,4.500
95,<music21.chord.Chord F3 E-4 G4 D5 D6>,"[0, 1, 3, 5]","[2, 3, 5, 7]",Copland_Piano_Blues_No_3.mxl,Copland,27,1.000
95.5,<music21.chord.Chord G3 D4 F4 B-4 B-5>,"[0, 3, 5, 8]","[2, 5, 7, 10]",Copland_Piano_Blues_No_3.mxl,Copland,27,1.500
96.5,<music21.chord.Chord A-3 E-4 G4 E-5 E-6>,"[0, 4, 5]","[3, 7, 8]",Copland_Piano_Blues_No_3.mxl,Copland,27,2.500
97,<music21.chord.Chord A-3 E-4 G4 E-5 E-6>,"[0, 4, 5]","[3, 7, 8]",Copland_Piano_Blues_No_3.mxl,Copland,27,3.000
98,<music21.chord.Chord A-3 E-4 G4 B-4 E-5 E-6>,"[0, 4, 5, 7]","[3, 7, 8, 10]",Copland_Piano_Blues_No_3.mxl,Copland,27,4.000
98.5,<music21.chord.Chord A-3 E-4 G4 B-4 G5 G6>,"[0, 4, 5, 7]","[3, 7, 8, 10]",Copland_Piano_Blues_No_3.mxl,Copland,27,4.500
99,<music21.chord.Chord A-3 B-4 F5 F6>,"[0, 3, 5]","[5, 8, 10]",Copland_Piano_Blues_No_3.mxl,Copland,28,1.000
99.5,<music21.chord.Chord B-3 A-4 D-5 D-6>,"[0, 2, 5]","[8, 10, 1]",Copland_Piano_Blues_No_3.mxl,Copland,28,1.500
100.5,<music21.chord.Chord C-4 B-4 D-5 F5 D-6 F6>,"[0, 1, 3, 7]","[10, 11, 1, 5]",Copland_Piano_Blues_No_3.mxl,Copland,28,2.500
101,<music21.chord.Chord C-4 B-4 D-5 F5 D-6 F6>,"[0, 1, 3, 7]","[10, 11, 1, 5]",Copland_Piano_Blues_No_3.mxl,Copland,28,3.000
102,<music21.chord.Chord D-4 A-4 C5 E-5 C6 E-6>,"[0, 4, 5, 7]","[8, 0, 1, 3]",Copland_Piano_Blues_No_3.mxl,Copland,28,4.000
103,<music21.chord.Chord E-4 G-4 B-4 F5 F6>,"[0, 2, 3, 7]","[3, 5, 6, 10]",Copland_Piano_Blues_No_3.mxl,Copland,29,1.000
103.5,<music21.chord.Chord F4 A-4 C5 D-5 D-6>,"[0, 1, 5, 8]","[0, 1, 5, 8]",Copland_Piano_Blues_No_3.mxl,Copland,29,1.500
104,<music21.chord.Chord F4 A-4 C5 D-5 D-6>,"[0, 1, 5, 8]","[0, 1, 5, 8]",Copland_Piano_Blues_No_3.mxl,Copland,29,2.000
104.5,<music21.chord.Chord G-4 B-4 D-5 F5 D-6 F6>,"[0, 1, 5, 8]","[5, 6, 10, 1]",Copland_Piano_Blues_No_3.mxl,Copland,29,2.500
105,<music21.chord.Chord G-4 B-4 D-5 F5 D-6 F6>,"[0, 1, 5, 8]","[5, 6, 10, 1]",Copland_Piano_Blues_No_3.mxl,Copland,29,3.000
106,<music21.chord.Chord G-4 B-4 D-5 G-5 D-6 G-6>,"[0, 4, 7]","[6, 10, 1]",Copland_Piano_Blues_No_3.mxl,Copland,29,4.000
107,<music21.chord.Chord D-5 E-5 A-5 D-6 A-6>,"[0, 2, 7]","[1, 3, 8]",Copland_Piano_Blues_No_3.mxl,Copland,30,1.000
107.5,<music21.chord.Chord G-4 A-4 D-5 G-5 D-6>,"[0, 2, 7]","[6, 8, 1]",Copland_Piano_Blues_No_3.mxl,Copland,30,1.500
108.5,<music21.chord.Chord B-3 F4 G-4 B-4 D-5>,"[0, 1, 5, 8]","[5, 6, 10, 1]",Copland_Piano_Blues_No_3.mxl,Copland,30,2.500
109,<music21.chord.Chord B-3 F4 G-4 B-4 D-5>,"[0, 1, 5, 8]","[5, 6, 10, 1]",Copland_Piano_Blues_No_3.mxl,Copland,30,3.000
110,<music21.chord.Chord D-3 B-3 F4 G-4 B-4 D-5>,"[0, 1, 5, 8]","[5, 6, 10, 1]",Copland_Piano_Blues_No_3.mxl,Copland,30,4.000
111,<music21.chord.Chord E-3 D-4 F4>,"[0, 2, 4]","[1, 3, 5]",Copland_Piano_Blues_No_3.mxl,Copland,31,1.000
111.5,<music21.chord.Chord F3 C4 E-4>,"[0, 3, 5]","[0, 3, 5]",Copland_Piano_Blues_No_3.mxl,Copland,31,1.500
112.5,<music21.chord.Chord F3 C4 E-4>,"[0, 3, 5]","[0, 3, 5]",Copland_Piano_Blues_No_3.mxl,Copland,31,2.500
112.75,<music21.chord.Chord G-3 F4 D-5>,"[0, 4, 5]","[1, 5, 6]",Copland_Piano_Blues_No_3.mxl,Copland,31,2.750
113,<music21.chord.Chord G-3 F4 D-5>,"[0, 4, 5]","[1, 5, 6]",Copland_Piano_Blues_No_3.mxl,Copland,31,3.000
114,<music21.chord.Chord B-2 G-3 F4 D-5>,"[0, 1, 5, 8]","[5, 6, 10, 1]",Copland_Piano_Blues_No_3.mxl,Copland,31,4.000
115,<music21.chord.Chord B-2 E-3 D-4 F4>,"[0, 3, 5, 7]","[10, 1, 3, 5]",Copland_Piano_Blues_No_3.mxl,Copland,32,1.000
115.5,<music21.chord.Chord B-2 F3 C4 E-4>,"[0, 2, 5, 7]","[10, 0, 3, 5]",Copland_Piano_Blues_No_3.mxl,Copland,32,1.500
116.5,<music21.chord.Chord F3 C4 E-4>,"[0, 3, 5]","[0, 3, 5]",Copland_Piano_Blues_No_3.mxl,Copland,32,2.500
116.75,<music21.chord.Chord G-3 F4 A-4>,"[0, 1, 3]","[5, 6, 8]",Copland_Piano_Blues_No_3.mxl,Copland,32,2.750
117,<music21.chord.Chord G-3 F4 A-4>,"[0, 1, 3]","[5, 6, 8]",Copland_Piano_Blues_No_3.mxl,Copland,32,3.000
118,<music21.chord.Chord B-2 G-3 F4 A-4>,"[0, 1, 3, 5]","[5, 6, 8, 10]",Copland_Piano_Blues_No_3.mxl,Copland,32,4.000
119,<music21.chord.Chord E-2 B-2 A-3 D-4 F4>,"[0, 2, 4, 7, 9]","[1, 3, 5, 8, 10]",Copland_Piano_Blues_No_3.mxl,Copland,33,1.000
119.5,<music21.chord.Chord F2 C3 G3 C4 E-4>,"[0, 3, 5, 7]","[0, 3, 5, 7]",Copland_Piano_Blues_No_3.mxl,Copland,33,1.500
120.5,<music21.chord.Chord F2 C3 G3 C4 E-4>,"[0, 3, 5, 7]","[0, 3, 5, 7]",Copland_Piano_Blues_No_3.mxl,Copland,33,2.500
120.75,<music21.chord.Chord G-2 D-3 B-3 F4 A-4>,"[0, 1, 3, 5, 8]","[5, 6, 8, 10, 1]",Copland_Piano_Blues_No_3.mxl,Copland,33,2.750
121,<music21.chord.Chord G-2 D-3 B-3 F4 A-4>,"[0, 1, 3, 5, 8]","[5, 6, 8, 10, 1]",Copland_Piano_Blues_No_3.mxl,Copland,33,3.000
122,<music21.chord.Chord C-2 G-2 D-3 B-3 E-4 G4>,"[0, 1, 3, 5, 8, 9]","[10, 11, 1, 3, 6, 7]",Copland_Piano_Blues_No_3.mxl,Copland,33,4.000
123,<music21.chord.Chord E-2 B-2 A-3 D-4 F4>,"[0, 2, 4, 7, 9]","[1, 3, 5, 8, 10]",Copland_Piano_Blues_No_3.mxl,Copland,34,1.000
123.5,<music21.chord.Chord F2 C3 G3 C4 E-4>,"[0, 3, 5, 7]","[0, 3, 5, 7]",Copland_Piano_Blues_No_3.mxl,Copland,34,1.500
124.5,<music21.chord.Chord F2 C3 G3 C4 E-4>,"[0, 3, 5, 7]","[0, 3, 5, 7]",Copland_Piano_Blues_No_3.mxl,Copland,34,2.500
124.75,<music21.chord.Chord G-2 D-3 A-3 B-3 F4 C5>,"[0, 1, 3, 5, 7, 8]","[5, 6, 8, 10, 0, 1]",Copland_Piano_Blues_No_3.mxl,Copland,34,2.750
125,<music21.chord.Chord G-2 D-3 A-3 B-3 F4 C5>,"[0, 1, 3, 5, 7, 8]","[5, 6, 8, 10, 0, 1]",Copland_Piano_Blues_No_3.mxl,Copland,34,3.000
126,<music21.chord.Chord G-1 G-2 D-3 A-3 B-3 F4 C5>,"[0, 1, 3, 5, 7, 8]","[5, 6, 8, 10, 0, 1]",Copland_Piano_Blues_No_3.mxl,Copland,34,4.000
127,<music21.chord.Chord F2 A-3 E-4 C5>,"[0, 3, 5, 8]","[0, 3, 5, 8]",Copland_Piano_Blues_No_3.mxl,Copland,35,1.000
127.5,<music21.chord.Chord A-2 B-3 F4 A-4>,"[0, 3, 5]","[5, 8, 10]",Copland_Piano_Blues_No_3.mxl,Copland,35,2.000
128.5,<music21.chord.Chord B-2 A-3 D-4 C5>,"[0, 2, 4, 5]","[8, 10, 0, 1]",Copland_Piano_Blues_No_3.mxl,Copland,35,4.000
129.5,<music21.chord.Chord D-3 B-3 F4 B-4>,"[0, 3, 7]","[10, 1, 5]",Copland_Piano_Blues_No_3.mxl,Copland,35,6.000
130.5,<music21.chord.Chord C3 F3 D-4 F4 A-4>,"[0, 1, 5, 8]","[0, 1, 5, 8]",Copland_Piano_Blues_No_3.mxl,Copland,36,1.000
131,<music21.chord.Chord B-2 A-3 F4 C5>,"[0, 3, 5, 7]","[5, 8, 10, 0]",Copland_Piano_Blues_No_3.mxl,Copland,36,2.000
132,<music21.chord.Chord C3 G3 E-4 B-4>,"[0, 3, 5, 8]","[7, 10, 0, 3]",Copland_Piano_Blues_No_3.mxl,Copland,36,4.000
133,<music21.chord.Chord C2 C3 G3 E-4 B-4 E-5 G5>,"[0, 3, 5, 8]","[7, 10, 0, 3]",Copland_Piano_Blues_No_3.mxl,Copland,36,6.000
134,<music21.chord.Chord E-2 B-2 A-3 D-4 F4>,"[0, 2, 4, 7, 9]","[1, 3, 5, 8, 10]",Copland_Piano_Blues_No_3.mxl,Copland,37,1.000
134.5,<music21.chord.Chord F2 C3 G3 C4 E-4>,"[0, 3, 5, 7]","[0, 3, 5, 7]",Copland_Piano_Blues_No_3.mxl,Copland,37,1.500
135.5,<music21.chord.Chord F2 C3 G3 C4 E-4>,"[0, 3, 5, 7]","[0, 3, 5, 7]",Copland_Piano_Blues_No_3.mxl,Copland,37,2.500
135.75,<music21.chord.Chord G-2 D-3 A-3 B-3 F4 C5>,"[0, 1, 3, 5, 7, 8]","[5, 6, 8, 10, 0, 1]",Copland_Piano_Blues_No_3.mxl,Copland,37,2.750
136,<music21.chord.Chord G-2 D-3 A-3 B-3 F4 C5>,"[0, 1, 3, 5, 7, 8]","[5, 6, 8, 10, 0, 1]",Copland_Piano_Blues_No_3.mxl,Copland,37,3.000
137,<music21.chord.Chord C-2 G-2 D-3 A-3 B-3 F4 A-4>,"[0, 1, 3, 5, 6, 8]","[5, 6, 8, 10, 11, 1]",Copland_Piano_Blues_No_3.mxl,Copland,37,4.000
138,<music21.chord.Chord E-2 B-2 A-3 D-4 F4>,"[0, 2, 4, 7, 9]","[1, 3, 5, 8, 10]",Copland_Piano_Blues_No_3.mxl,Copland,38,1.000
138.5,<music21.chord.Chord F2 C3 G3 C4 E-4>,"[0, 3, 5, 7]","[0, 3, 5, 7]",Copland_Piano_Blues_No_3.mxl,Copland,38,1.500
139.5,<music21.chord.Chord G-2 D-3 A-3 C4 A-4 E-5>,"[0, 1, 3, 6, 8]","[0, 1, 3, 6, 8]",Copland_Piano_Blues_No_3.mxl,Copland,38,2.500
140,<music21.chord.Chord G-2 D-3 A-3 C4 A-4 E-5>,"[0, 1, 3, 6, 8]","[0, 1, 3, 6, 8]",Copland_Piano_Blues_No_3.mxl,Copland,38,3.000
141,<music21.chord.Chord G-1 G-2 D-3 A-3 C4 A-4 E-5>,"[0, 1, 3, 6, 8]","[0, 1, 3, 6, 8]",Copland_Piano_Blues_No_3.mxl,Copland,38,4.000
142,<music21.chord.Chord E-2 B-2 A-3 D-4 F4>,"[0, 2, 4, 7, 9]","[1, 3, 5, 8, 10]",Copland_Piano_Blues_No_3.mxl,Copland,39,1.000
142.5,<music21.chord.Chord F2 C3 G3 C4 E-4>,"[0, 3, 5, 7]","[0, 3, 5, 7]",Copland_Piano_Blues_No_3.mxl,Copland,39,1.500
143,<music21.chord.Chord F2 G-2 C3 G3 C4 E-4>,"[0, 3, 5, 6, 7]","[0, 3, 5, 6, 7]",Copland_Piano_Blues_No_3.mxl,Copland,39,2.000
143.1666667,<music21.chord.Chord F2 G-2 C3 D-3 G3 C4 E-4>,"[0, 1, 3, 5, 6, 7]","[0, 1, 3, 5, 6, 7]",Copland_Piano_Blues_No_3.mxl,Copland,39,2.167
143.3333333,<music21.chord.Chord F2 G-2 C3 D-3 G3 A-3 C4 E-4>,"[0, 1, 3, 5, 6, 7, 8]","[0, 1, 3, 5, 6, 7, 8]",Copland_Piano_Blues_No_3.mxl,Copland,39,2.333
143.5,<music21.chord.Chord F2 G-2 C3 D-3 G3 A-3 B-3 C4 E-4>,"[0, 1, 2, 3, 5, 7, 8, 10]","[5, 6, 7, 8, 10, 0, 1, 3]",Copland_Piano_Blues_No_3.mxl,Copland,39,2.500
143.6666667,<music21.chord.Chord F2 G-2 C3 D-3 G3 A-3 B-3 C4 E-4>,"[0, 1, 2, 3, 5, 7, 8, 10]","[5, 6, 7, 8, 10, 0, 1, 3]",Copland_Piano_Blues_No_3.mxl,Copland,39,2.667
143.8333333,<music21.chord.Chord F2 G-2 C3 D-3 G3 A-3 B-3 C4 E-4 A-4>,"[0, 1, 2, 3, 5, 7, 8, 10]","[5, 6, 7, 8, 10, 0, 1, 3]",Copland_Piano_Blues_No_3.mxl,Copland,39,2.833
144,<music21.chord.Chord G-2 D-3 A-3 B-3 E-4 A-4 F5>,"[0, 2, 4, 5, 7, 9]","[1, 3, 5, 6, 8, 10]",Copland_Piano_Blues_No_3.mxl,Copland,39,3.000
144.5,<music21.chord.Chord G-1 G-2 D-3 A-3 B-3 E-4 A-4 F5>,"[0, 2, 4, 5, 7, 9]","[1, 3, 5, 6, 8, 10]",Copland_Piano_Blues_No_3.mxl,Copland,39,3.500
146,<music21.chord.Chord E-2 B-2 A-3 D-4 F4>,"[0, 2, 4, 7, 9]","[1, 3, 5, 8, 10]",Copland_Piano_Blues_No_3.mxl,Copland,40,1.000
146.5,<music21.chord.Chord F2 C3 G3 C4 E-4>,"[0, 3, 5, 7]","[0, 3, 5, 7]",Copland_Piano_Blues_No_3.mxl,Copland,40,1.500
147,<music21.chord.Chord F2 G-2 C3 G3 C4 E-4>,"[0, 3, 5, 6, 7]","[0, 3, 5, 6, 7]",Copland_Piano_Blues_No_3.mxl,Copland,40,2.000
147.125,<music21.chord.Chord F2 G-2 C3 D-3 G3 C4 E-4>,"[0, 1, 3, 5, 6, 7]","[0, 1, 3, 5, 6, 7]",Copland_Piano_Blues_No_3.mxl,Copland,40,2.125
147.25,<music21.chord.Chord F2 G-2 C3 D-3 G3 A-3 C4 E-4>,"[0, 1, 3, 5, 6, 7, 8]","[0, 1, 3, 5, 6, 7, 8]",Copland_Piano_Blues_No_3.mxl,Copland,40,2.250
147.375,<music21.chord.Chord F2 G-2 C3 D-3 G3 A-3 B-3 C4 E-4>,"[0, 1, 2, 3, 5, 7, 8, 10]","[5, 6, 7, 8, 10, 0, 1, 3]",Copland_Piano_Blues_No_3.mxl,Copland,40,2.375
147.5,<music21.chord.Chord F2 G-2 C3 D-3 G3 A-3 B-3 C4 E-4>,"[0, 1, 2, 3, 5, 7, 8, 10]","[5, 6, 7, 8, 10, 0, 1, 3]",Copland_Piano_Blues_No_3.mxl,Copland,40,2.500
147.625,<music21.chord.Chord F2 G-2 C3 D-3 G3 A-3 B-3 C4 E-4 A-4>,"[0, 1, 2, 3, 5, 7, 8, 10]","[5, 6, 7, 8, 10, 0, 1, 3]",Copland_Piano_Blues_No_3.mxl,Copland,40,2.625
147.75,<music21.chord.Chord F2 G-2 C3 D-3 G3 A-3 B-3 C4 E-4 A-4 B-4>,"[0, 1, 2, 3, 5, 7, 8, 10]","[5, 6, 7, 8, 10, 0, 1, 3]",Copland_Piano_Blues_No_3.mxl,Copland,40,2.750
147.875,<music21.chord.Chord F2 G-2 C3 D-3 G3 A-3 B-3 C4 E-4 A-4 B-4 F5>,"[0, 1, 2, 3, 5, 7, 8, 10]","[5, 6, 7, 8, 10, 0, 1, 3]",Copland_Piano_Blues_No_3.mxl,Copland,40,2.875
148,<music21.chord.Chord G-2 D-3 A-3 B-3 E-4 A-4 B-4 F5 C6>,"[0, 1, 3, 5, 6, 8, 10]","[0, 1, 3, 5, 6, 8, 10]",Copland_Piano_Blues_No_3.mxl,Copland,40,3.000
149,<music21.chord.Chord C-1 G-2 D-3 A-3 B-3 E-4 A-4 B-4 F5 C6>,"[0, 1, 2, 3, 5, 7, 8, 10]","[10, 11, 0, 1, 3, 5, 6, 8]",Copland_Piano_Blues_No_3.mxl,Copland,40,4.000
150,<music21.chord.Chord G-2>,[0],[6],Copland_Piano_Blues_No_3.mxl,Copland,41,1.000
150.125,<music21.chord.Chord G-2 D-3>,"[0, 5]","[1, 6]",Copland_Piano_Blues_No_3.mxl,Copland,41,1.125
150.25,<music21.chord.Chord G-2 D-3 A-3>,"[0, 2, 7]","[6, 8, 1]",Copland_Piano_Blues_No_3.mxl,Copland,41,1.250
150.375,<music21.chord.Chord G-2 D-3 A-3 B-3>,"[0, 2, 4, 7]","[6, 8, 10, 1]",Copland_Piano_Blues_No_3.mxl,Copland,41,1.375
150.5,<music21.chord.Chord G-2 D-3 A-3 B-3 E-4>,"[0, 2, 4, 7, 9]","[6, 8, 10, 1, 3]",Copland_Piano_Blues_No_3.mxl,Copland,41,1.500
150.625,<music21.chord.Chord G-2 D-3 A-3 B-3 E-4 A-4>,"[0, 2, 4, 7, 9]","[6, 8, 10, 1, 3]",Copland_Piano_Blues_No_3.mxl,Copland,41,1.625
150.75,<music21.chord.Chord G-2 D-3 A-3 B-3 E-4 A-4 B-4>,"[0, 2, 4, 7, 9]","[6, 8, 10, 1, 3]",Copland_Piano_Blues_No_3.mxl,Copland,41,1.750
150.875,<music21.chord.Chord G-2 D-3 A-3 B-3 E-4 A-4 B-4 F5>,"[0, 2, 4, 5, 7, 9]","[1, 3, 5, 6, 8, 10]",Copland_Piano_Blues_No_3.mxl,Copland,41,1.875
151,<music21.chord.Chord G-2 D-3 A-3 B-3 E-4 A-4 B-4 F5 C6>,"[0, 1, 3, 5, 6, 8, 10]","[0, 1, 3, 5, 6, 8, 10]",Copland_Piano_Blues_No_3.mxl,Copland,41,2.000
152,<music21.chord.Chord C-1 G-2 D-3 A-3 B-3 E-4 A-4 B-4 F5 C6>,"[0, 1, 2, 3, 5, 7, 8, 10]","[10, 11, 0, 1, 3, 5, 6, 8]",Copland_Piano_Blues_No_3.mxl,Copland,41,3.000
153,<music21.chord.Chord C-1 G-2 D-3 A-3 C6>,"[0, 2, 5, 6, 7]","[6, 8, 11, 0, 1]",Copland_Piano_Blues_No_3.mxl,Copland,41,4.000
