Offset,Chord,NormalForm,PCsInNormalForm,File,measureNumber,Measure Count,Composer
0,<music21.chord.Chord B-5 B-4>,[0],[10],Children's Corner 113 6 Eb Major.mid,1,1,Debussy
0.25,<music21.chord.Chord G#5 G#4>,[0],[8],Children's Corner 113 6 Eb Major.mid,1,1.25,Debussy
0.75,<music21.chord.Chord B-5 B-4>,[0],[10],Children's Corner 113 6 Eb Major.mid,1,1.75,Debussy
1,<music21.chord.Chord F5 F4>,[0],[5],Children's Corner 113 6 Eb Major.mid,1,2,Debussy
1.5,<music21.chord.Chord B-5 B-4>,[0],[10],Children's Corner 113 6 Eb Major.mid,1,2.5,Debussy
2,<music21.chord.Chord G#5 G#4>,[0],[8],Children's Corner 113 6 Eb Major.mid,2,1,Debussy
2.25,<music21.chord.Chord F5 F4>,[0],[5],Children's Corner 113 6 Eb Major.mid,2,1.25,Debussy
2.75,<music21.chord.Chord E-5 E-4>,[0],[3],Children's Corner 113 6 Eb Major.mid,2,1.75,Debussy
3,<music21.chord.Chord B4 B3>,[0],[11],Children's Corner 113 6 Eb Major.mid,2,2,Debussy
4.25,<music21.chord.Chord G#4 G#3>,[0],[8],Children's Corner 113 6 Eb Major.mid,3,1.25,Debussy
4.5,<music21.chord.Chord F4 F3>,[0],[5],Children's Corner 113 6 Eb Major.mid,3,1.5,Debussy
4.75,<music21.chord.Chord E-4 E-3>,[0],[3],Children's Corner 113 6 Eb Major.mid,3,1.75,Debussy
5,<music21.chord.Chord B3 B2>,[0],[11],Children's Corner 113 6 Eb Major.mid,3,2,Debussy
6.25,<music21.chord.Chord G#3 G#2>,[0],[8],Children's Corner 113 6 Eb Major.mid,4,1.25,Debussy
6.5,<music21.chord.Chord F3 F2>,[0],[5],Children's Corner 113 6 Eb Major.mid,4,1.5,Debussy
6.75,<music21.chord.Chord E-3 E-2>,[0],[3],Children's Corner 113 6 Eb Major.mid,4,1.75,Debussy
7,<music21.chord.Chord B2 B1>,[0],[11],Children's Corner 113 6 Eb Major.mid,4,2,Debussy
7.5,<music21.chord.Chord D3 G3 B-1 B-2>,"[0, 3, 7]","[7, 10, 2]",Children's Corner 113 6 Eb Major.mid,4,2.5,Debussy
10,<music21.chord.Chord E-2 B-2>,"[0, 5]","[10, 3]",Children's Corner 113 6 Eb Major.mid,6,1,Debussy
10.5,<music21.chord.Chord E-3 B-3 F3 G3>,"[0, 2, 4, 7]","[3, 5, 7, 10]",Children's Corner 113 6 Eb Major.mid,6,1.5,Debussy
11,<music21.chord.Chord E-2 B-2>,"[0, 5]","[10, 3]",Children's Corner 113 6 Eb Major.mid,6,2,Debussy
11.5,<music21.chord.Chord E-3 B-3 F3 G3>,"[0, 2, 4, 7]","[3, 5, 7, 10]",Children's Corner 113 6 Eb Major.mid,6,2.5,Debussy
11.75,<music21.chord.Chord E-3 B-3>,"[0, 5]","[10, 3]",Children's Corner 113 6 Eb Major.mid,6,2.75,Debussy
12,<music21.chord.Chord E-2 B-2>,"[0, 5]","[10, 3]",Children's Corner 113 6 Eb Major.mid,7,1,Debussy
12.5,<music21.chord.Chord E-3 B-3 F3 G3>,"[0, 2, 4, 7]","[3, 5, 7, 10]",Children's Corner 113 6 Eb Major.mid,7,1.5,Debussy
13,<music21.chord.Chord E-2 B-2>,"[0, 5]","[10, 3]",Children's Corner 113 6 Eb Major.mid,7,2,Debussy
13.5,<music21.chord.Chord E-3 B-3 F3 G3>,"[0, 2, 4, 7]","[3, 5, 7, 10]",Children's Corner 113 6 Eb Major.mid,7,2.5,Debussy
14,<music21.chord.Chord E-2 B-2>,"[0, 5]","[10, 3]",Children's Corner 113 6 Eb Major.mid,8,1,Debussy
14.5,<music21.chord.Chord E-3 B-3 F3 G3>,"[0, 2, 4, 7]","[3, 5, 7, 10]",Children's Corner 113 6 Eb Major.mid,8,1.5,Debussy
14.75,<music21.chord.Chord E-3 B-3>,"[0, 5]","[10, 3]",Children's Corner 113 6 Eb Major.mid,8,1.75,Debussy
15,<music21.chord.Chord E-2 B-2>,"[0, 5]","[10, 3]",Children's Corner 113 6 Eb Major.mid,8,2,Debussy
15.5,<music21.chord.Chord E-3 B-3 F3 G3>,"[0, 2, 4, 7]","[3, 5, 7, 10]",Children's Corner 113 6 Eb Major.mid,8,2.5,Debussy
16,<music21.chord.Chord E-2 B-2>,"[0, 5]","[10, 3]",Children's Corner 113 6 Eb Major.mid,9,1,Debussy
16.5,<music21.chord.Chord E-3 B-3 F3 G3>,"[0, 2, 4, 7]","[3, 5, 7, 10]",Children's Corner 113 6 Eb Major.mid,9,1.5,Debussy
17,<music21.chord.Chord E-2 B-2>,"[0, 5]","[10, 3]",Children's Corner 113 6 Eb Major.mid,9,2,Debussy
17.5,<music21.chord.Chord E-3 B-3 F3 G3>,"[0, 2, 4, 7]","[3, 5, 7, 10]",Children's Corner 113 6 Eb Major.mid,9,2.5,Debussy
18,<music21.chord.Chord B-4 E-2 B-2>,"[0, 5]","[10, 3]",Children's Corner 113 6 Eb Major.mid,10,1,Debussy
18.125,<music21.chord.Chord B-4>,[0],[10],Children's Corner 113 6 Eb Major.mid,10,1.125,Debussy
18.25,<music21.chord.Chord G#4>,[0],[8],Children's Corner 113 6 Eb Major.mid,10,1.25,Debussy
18.5,<music21.chord.Chord B3 E-4 G#4 F3 G#3>,"[0, 2, 5, 8]","[3, 5, 8, 11]",Children's Corner 113 6 Eb Major.mid,10,1.5,Debussy
18.625,<music21.chord.Chord G#4 B3 E-4>,"[0, 3, 7]","[8, 11, 3]",Children's Corner 113 6 Eb Major.mid,10,1.625,Debussy
18.75,<music21.chord.Chord B-4 B3 E-4>,"[0, 1, 5]","[10, 11, 3]",Children's Corner 113 6 Eb Major.mid,10,1.75,Debussy
19,<music21.chord.Chord F4 E-2 B-2>,"[0, 2, 7]","[3, 5, 10]",Children's Corner 113 6 Eb Major.mid,10,2,Debussy
19.5,<music21.chord.Chord B-4 B3 E-4 F3 G#3>,"[0, 2, 5, 7, 8]","[3, 5, 8, 10, 11]",Children's Corner 113 6 Eb Major.mid,10,2.5,Debussy
19.625,<music21.chord.Chord B3 E-4>,"[0, 4]","[11, 3]",Children's Corner 113 6 Eb Major.mid,10,2.625,Debussy
20,<music21.chord.Chord G#4 E-2 B-2>,"[0, 2, 7]","[8, 10, 3]",Children's Corner 113 6 Eb Major.mid,11,1,Debussy
20.125,<music21.chord.Chord G#4>,[0],[8],Children's Corner 113 6 Eb Major.mid,11,1.125,Debussy
20.25,<music21.chord.Chord F4>,[0],[5],Children's Corner 113 6 Eb Major.mid,11,1.25,Debussy
20.5,<music21.chord.Chord B3 F4 F3 G#3>,"[0, 3, 6]","[5, 8, 11]",Children's Corner 113 6 Eb Major.mid,11,1.5,Debussy
20.625,<music21.chord.Chord F4 B3>,"[0, 6]","[5, 11]",Children's Corner 113 6 Eb Major.mid,11,1.625,Debussy
20.75,<music21.chord.Chord E-4 B3>,"[0, 4]","[11, 3]",Children's Corner 113 6 Eb Major.mid,11,1.75,Debussy
21,<music21.chord.Chord B3 E-2 B-2>,"[0, 1, 5]","[10, 11, 3]",Children's Corner 113 6 Eb Major.mid,11,2,Debussy
21.5,<music21.chord.Chord E-4 B3 F3 G#3>,"[0, 2, 5, 8]","[3, 5, 8, 11]",Children's Corner 113 6 Eb Major.mid,11,2.5,Debussy
21.625,<music21.chord.Chord B3>,[0],[11],Children's Corner 113 6 Eb Major.mid,11,2.625,Debussy
22,<music21.chord.Chord B-3 E-2 B-2>,"[0, 5]","[10, 3]",Children's Corner 113 6 Eb Major.mid,12,1,Debussy
22.125,<music21.chord.Chord B-3>,[0],[10],Children's Corner 113 6 Eb Major.mid,12,1.125,Debussy
22.25,<music21.chord.Chord B-3>,[0],[10],Children's Corner 113 6 Eb Major.mid,12,1.25,Debussy
22.5,<music21.chord.Chord F3 G3>,"[0, 2]","[5, 7]",Children's Corner 113 6 Eb Major.mid,12,1.5,Debussy
22.75,<music21.chord.Chord C4>,[0],[0],Children's Corner 113 6 Eb Major.mid,12,1.75,Debussy
23,<music21.chord.Chord B-3 E-2 B-2>,"[0, 5]","[10, 3]",Children's Corner 113 6 Eb Major.mid,12,2,Debussy
23.125,<music21.chord.Chord B-3>,[0],[10],Children's Corner 113 6 Eb Major.mid,12,2.125,Debussy
23.5,<music21.chord.Chord E-4 B-4 F3 G3>,"[0, 2, 4, 7]","[3, 5, 7, 10]",Children's Corner 113 6 Eb Major.mid,12,2.5,Debussy
24,<music21.chord.Chord B-3 E-2 B-2>,"[0, 5]","[10, 3]",Children's Corner 113 6 Eb Major.mid,13,1,Debussy
24.125,<music21.chord.Chord B-3>,[0],[10],Children's Corner 113 6 Eb Major.mid,13,1.125,Debussy
24.5,<music21.chord.Chord B-3 F3 G3>,"[0, 2, 5]","[5, 7, 10]",Children's Corner 113 6 Eb Major.mid,13,1.5,Debussy
24.625,<music21.chord.Chord B-3>,[0],[10],Children's Corner 113 6 Eb Major.mid,13,1.625,Debussy
25,<music21.chord.Chord B-3 E-2 B-2>,"[0, 5]","[10, 3]",Children's Corner 113 6 Eb Major.mid,13,2,Debussy
25.125,<music21.chord.Chord B-3>,[0],[10],Children's Corner 113 6 Eb Major.mid,13,2.125,Debussy
25.5,<music21.chord.Chord B-3 F3 G3>,"[0, 2, 5]","[5, 7, 10]",Children's Corner 113 6 Eb Major.mid,13,2.5,Debussy
25.625,<music21.chord.Chord B-3>,[0],[10],Children's Corner 113 6 Eb Major.mid,13,2.625,Debussy
26,<music21.chord.Chord B-3 E-2 B-2>,"[0, 5]","[10, 3]",Children's Corner 113 6 Eb Major.mid,14,1,Debussy
26.125,<music21.chord.Chord B-3>,[0],[10],Children's Corner 113 6 Eb Major.mid,14,1.125,Debussy
26.25,<music21.chord.Chord G#3>,[0],[8],Children's Corner 113 6 Eb Major.mid,14,1.25,Debussy
26.5,<music21.chord.Chord G#3 E-3 F3>,"[0, 2, 5]","[3, 5, 8]",Children's Corner 113 6 Eb Major.mid,14,1.5,Debussy
26.625,<music21.chord.Chord G#3>,[0],[8],Children's Corner 113 6 Eb Major.mid,14,1.625,Debussy
26.75,<music21.chord.Chord B-3>,[0],[10],Children's Corner 113 6 Eb Major.mid,14,1.75,Debussy
27,<music21.chord.Chord C4 E-2 B-2>,"[0, 2, 5]","[10, 0, 3]",Children's Corner 113 6 Eb Major.mid,14,2,Debussy
27.5,<music21.chord.Chord G#3 E-3 F3>,"[0, 2, 5]","[3, 5, 8]",Children's Corner 113 6 Eb Major.mid,14,2.5,Debussy
28,<music21.chord.Chord B-3 E-2 B-2>,"[0, 5]","[10, 3]",Children's Corner 113 6 Eb Major.mid,15,1,Debussy
28.125,<music21.chord.Chord B-3>,[0],[10],Children's Corner 113 6 Eb Major.mid,15,1.125,Debussy
28.25,<music21.chord.Chord G#3>,[0],[8],Children's Corner 113 6 Eb Major.mid,15,1.25,Debussy
28.5,<music21.chord.Chord G#3 E-3 F3>,"[0, 2, 5]","[3, 5, 8]",Children's Corner 113 6 Eb Major.mid,15,1.5,Debussy
28.625,<music21.chord.Chord G#3>,[0],[8],Children's Corner 113 6 Eb Major.mid,15,1.625,Debussy
28.75,<music21.chord.Chord B-3>,[0],[10],Children's Corner 113 6 Eb Major.mid,15,1.75,Debussy
29,<music21.chord.Chord B3 E-2 B-2>,"[0, 1, 5]","[10, 11, 3]",Children's Corner 113 6 Eb Major.mid,15,2,Debussy
29.5,<music21.chord.Chord G#3 E-3 F3>,"[0, 2, 5]","[3, 5, 8]",Children's Corner 113 6 Eb Major.mid,15,2.5,Debussy
30,<music21.chord.Chord B-3 B-2>,[0],[10],Children's Corner 113 6 Eb Major.mid,16,1,Debussy
30.25,<music21.chord.Chord G3 G2>,[0],[7],Children's Corner 113 6 Eb Major.mid,16,1.25,Debussy
30.75,<music21.chord.Chord F3 F2>,[0],[5],Children's Corner 113 6 Eb Major.mid,16,1.75,Debussy
31,<music21.chord.Chord E-3 E-2>,[0],[3],Children's Corner 113 6 Eb Major.mid,16,2,Debussy
31.5,<music21.chord.Chord D3 D2>,[0],[2],Children's Corner 113 6 Eb Major.mid,16,2.5,Debussy
32,<music21.chord.Chord C3 C2>,[0],[0],Children's Corner 113 6 Eb Major.mid,17,1,Debussy
32.5,<music21.chord.Chord G2 G1>,[0],[7],Children's Corner 113 6 Eb Major.mid,17,1.5,Debussy
33,<music21.chord.Chord C3 C2>,[0],[0],Children's Corner 113 6 Eb Major.mid,17,2,Debussy
33.5,<music21.chord.Chord D3 D2>,[0],[2],Children's Corner 113 6 Eb Major.mid,17,2.5,Debussy
34,<music21.chord.Chord B-4 E-2 B-2>,"[0, 5]","[10, 3]",Children's Corner 113 6 Eb Major.mid,18,1,Debussy
34.125,<music21.chord.Chord B-4>,[0],[10],Children's Corner 113 6 Eb Major.mid,18,1.125,Debussy
34.25,<music21.chord.Chord G#4>,[0],[8],Children's Corner 113 6 Eb Major.mid,18,1.25,Debussy
34.5,<music21.chord.Chord B3 E-4 G#4 F3 G#3>,"[0, 2, 5, 8]","[3, 5, 8, 11]",Children's Corner 113 6 Eb Major.mid,18,1.5,Debussy
34.625,<music21.chord.Chord G#4 B3 E-4>,"[0, 3, 7]","[8, 11, 3]",Children's Corner 113 6 Eb Major.mid,18,1.625,Debussy
34.75,<music21.chord.Chord B-4 B3 E-4>,"[0, 1, 5]","[10, 11, 3]",Children's Corner 113 6 Eb Major.mid,18,1.75,Debussy
35,<music21.chord.Chord F4 E-2 B-2>,"[0, 2, 7]","[3, 5, 10]",Children's Corner 113 6 Eb Major.mid,18,2,Debussy
35.5,<music21.chord.Chord B-4 B3 E-4 F3 G#3>,"[0, 2, 5, 7, 8]","[3, 5, 8, 10, 11]",Children's Corner 113 6 Eb Major.mid,18,2.5,Debussy
35.625,<music21.chord.Chord B3 E-4>,"[0, 4]","[11, 3]",Children's Corner 113 6 Eb Major.mid,18,2.625,Debussy
36,<music21.chord.Chord G#4 E-2 B-2>,"[0, 2, 7]","[8, 10, 3]",Children's Corner 113 6 Eb Major.mid,19,1,Debussy
36.125,<music21.chord.Chord G#4>,[0],[8],Children's Corner 113 6 Eb Major.mid,19,1.125,Debussy
36.25,<music21.chord.Chord F4>,[0],[5],Children's Corner 113 6 Eb Major.mid,19,1.25,Debussy
36.5,<music21.chord.Chord B3 F4 F3 G#3>,"[0, 3, 6]","[5, 8, 11]",Children's Corner 113 6 Eb Major.mid,19,1.5,Debussy
36.625,<music21.chord.Chord F4 B3>,"[0, 6]","[5, 11]",Children's Corner 113 6 Eb Major.mid,19,1.625,Debussy
36.75,<music21.chord.Chord E-4 B3>,"[0, 4]","[11, 3]",Children's Corner 113 6 Eb Major.mid,19,1.75,Debussy
37,<music21.chord.Chord B3 E-2 B-2>,"[0, 1, 5]","[10, 11, 3]",Children's Corner 113 6 Eb Major.mid,19,2,Debussy
37.5,<music21.chord.Chord E-4 B3 F3 G#3>,"[0, 2, 5, 8]","[3, 5, 8, 11]",Children's Corner 113 6 Eb Major.mid,19,2.5,Debussy
37.625,<music21.chord.Chord B3>,[0],[11],Children's Corner 113 6 Eb Major.mid,19,2.625,Debussy
38,<music21.chord.Chord B-3 E-2 B-2>,"[0, 5]","[10, 3]",Children's Corner 113 6 Eb Major.mid,20,1,Debussy
38.125,<music21.chord.Chord B-3>,[0],[10],Children's Corner 113 6 Eb Major.mid,20,1.125,Debussy
38.25,<music21.chord.Chord B-3>,[0],[10],Children's Corner 113 6 Eb Major.mid,20,1.25,Debussy
38.5,<music21.chord.Chord F3 G3>,"[0, 2]","[5, 7]",Children's Corner 113 6 Eb Major.mid,20,1.5,Debussy
38.75,<music21.chord.Chord C4>,[0],[0],Children's Corner 113 6 Eb Major.mid,20,1.75,Debussy
39,<music21.chord.Chord B-3 E-2 B-2>,"[0, 5]","[10, 3]",Children's Corner 113 6 Eb Major.mid,20,2,Debussy
39.125,<music21.chord.Chord B-3>,[0],[10],Children's Corner 113 6 Eb Major.mid,20,2.125,Debussy
39.5,<music21.chord.Chord E-4 B-4 F3 G3>,"[0, 2, 4, 7]","[3, 5, 7, 10]",Children's Corner 113 6 Eb Major.mid,20,2.5,Debussy
40,<music21.chord.Chord B-3 E-2 B-2>,"[0, 5]","[10, 3]",Children's Corner 113 6 Eb Major.mid,21,1,Debussy
40.125,<music21.chord.Chord B-3>,[0],[10],Children's Corner 113 6 Eb Major.mid,21,1.125,Debussy
40.5,<music21.chord.Chord B-3 F3 G3>,"[0, 2, 5]","[5, 7, 10]",Children's Corner 113 6 Eb Major.mid,21,1.5,Debussy
40.625,<music21.chord.Chord B-3>,[0],[10],Children's Corner 113 6 Eb Major.mid,21,1.625,Debussy
41,<music21.chord.Chord B-3 E-2 B-2>,"[0, 5]","[10, 3]",Children's Corner 113 6 Eb Major.mid,21,2,Debussy
41.125,<music21.chord.Chord B-3>,[0],[10],Children's Corner 113 6 Eb Major.mid,21,2.125,Debussy
41.5,<music21.chord.Chord B-3 F3 G3>,"[0, 2, 5]","[5, 7, 10]",Children's Corner 113 6 Eb Major.mid,21,2.5,Debussy
41.625,<music21.chord.Chord B-3>,[0],[10],Children's Corner 113 6 Eb Major.mid,21,2.625,Debussy
42,<music21.chord.Chord B-3 F#2 C#3>,"[0, 4, 7]","[6, 10, 1]",Children's Corner 113 6 Eb Major.mid,22,1,Debussy
42.125,<music21.chord.Chord B-3>,[0],[10],Children's Corner 113 6 Eb Major.mid,22,1.125,Debussy
42.25,<music21.chord.Chord B-3>,[0],[10],Children's Corner 113 6 Eb Major.mid,22,1.25,Debussy
42.5,<music21.chord.Chord C#3 F#3 G#3>,"[0, 2, 7]","[6, 8, 1]",Children's Corner 113 6 Eb Major.mid,22,1.5,Debussy
42.75,<music21.chord.Chord C4>,[0],[0],Children's Corner 113 6 Eb Major.mid,22,1.75,Debussy
43,<music21.chord.Chord B-3 F#2 C#3>,"[0, 4, 7]","[6, 10, 1]",Children's Corner 113 6 Eb Major.mid,22,2,Debussy
43.5,<music21.chord.Chord C#4 C#3 F#3 A3>,"[0, 3, 7]","[6, 9, 1]",Children's Corner 113 6 Eb Major.mid,22,2.5,Debussy
44,<music21.chord.Chord E-4 F#2 C#3>,"[0, 2, 5]","[1, 3, 6]",Children's Corner 113 6 Eb Major.mid,23,1,Debussy
44.5,<music21.chord.Chord F4 C#3 F#3 B-3>,"[0, 1, 5, 8]","[5, 6, 10, 1]",Children's Corner 113 6 Eb Major.mid,23,1.5,Debussy
45,<music21.chord.Chord E-4 F#2 C#3>,"[0, 2, 5]","[1, 3, 6]",Children's Corner 113 6 Eb Major.mid,23,2,Debussy
45.5,<music21.chord.Chord F#4 C#3 F#3 B3>,"[0, 2, 7]","[11, 1, 6]",Children's Corner 113 6 Eb Major.mid,23,2.5,Debussy
46,<music21.chord.Chord F4>,[0],[5],Children's Corner 113 6 Eb Major.mid,24,1,Debussy
46.25,<music21.chord.Chord F4>,[0],[5],Children's Corner 113 6 Eb Major.mid,24,1.25,Debussy
46.5,<music21.chord.Chord C#4 E4>,"[0, 3]","[1, 4]",Children's Corner 113 6 Eb Major.mid,24,1.5,Debussy
46.75,<music21.chord.Chord G4 C#4 E4>,"[0, 3, 6]","[1, 4, 7]",Children's Corner 113 6 Eb Major.mid,24,1.75,Debussy
47,<music21.chord.Chord F4 C4 E-4>,"[0, 3, 5]","[0, 3, 5]",Children's Corner 113 6 Eb Major.mid,24,2,Debussy
47.5,<music21.chord.Chord G4 D5 F3 A3 E-4>,"[0, 1, 3, 5, 7]","[2, 3, 5, 7, 9]",Children's Corner 113 6 Eb Major.mid,24,2.5,Debussy
48,<music21.chord.Chord D4 B-4 B-2 F3 B-3>,"[0, 4, 7]","[10, 2, 5]",Children's Corner 113 6 Eb Major.mid,25,1,Debussy
49,<music21.chord.Chord B-5 B-6 B-1 B-2>,[0],[10],Children's Corner 113 6 Eb Major.mid,25,2,Debussy
50,<music21.chord.Chord C4 E-4 G#3 B-3>,"[0, 2, 4, 7]","[8, 10, 0, 3]",Children's Corner 113 6 Eb Major.mid,26,1,Debussy
50.125,<music21.chord.Chord C4 E-4>,"[0, 3]","[0, 3]",Children's Corner 113 6 Eb Major.mid,26,1.125,Debussy
50.25,<music21.chord.Chord D4 F4>,"[0, 3]","[2, 5]",Children's Corner 113 6 Eb Major.mid,26,1.25,Debussy
50.5,<music21.chord.Chord D4 F4 G#4 B-4>,"[0, 3, 6, 8]","[2, 5, 8, 10]",Children's Corner 113 6 Eb Major.mid,26,1.5,Debussy
50.625,<music21.chord.Chord D4 F4>,"[0, 3]","[2, 5]",Children's Corner 113 6 Eb Major.mid,26,1.625,Debussy
50.75,<music21.chord.Chord E-4 G4>,"[0, 4]","[3, 7]",Children's Corner 113 6 Eb Major.mid,26,1.75,Debussy
51,<music21.chord.Chord D4 F4 G#3 B-3>,"[0, 3, 6, 8]","[2, 5, 8, 10]",Children's Corner 113 6 Eb Major.mid,26,2,Debussy
51.5,<music21.chord.Chord C4 E-4 G#4 B-4>,"[0, 2, 4, 7]","[8, 10, 0, 3]",Children's Corner 113 6 Eb Major.mid,26,2.5,Debussy
52,<music21.chord.Chord D4 F4 G#3 B-3>,"[0, 3, 6, 8]","[2, 5, 8, 10]",Children's Corner 113 6 Eb Major.mid,27,1,Debussy
52.125,<music21.chord.Chord D4 F4>,"[0, 3]","[2, 5]",Children's Corner 113 6 Eb Major.mid,27,1.125,Debussy
52.5,<music21.chord.Chord D4 F4 G#4 B-4>,"[0, 3, 6, 8]","[2, 5, 8, 10]",Children's Corner 113 6 Eb Major.mid,27,1.5,Debussy
52.625,<music21.chord.Chord D4 F4>,"[0, 3]","[2, 5]",Children's Corner 113 6 Eb Major.mid,27,1.625,Debussy
53,<music21.chord.Chord B-6 B-5 D4 F4 G#3 B-3>,"[0, 3, 6, 8]","[2, 5, 8, 10]",Children's Corner 113 6 Eb Major.mid,27,2,Debussy
53.125,<music21.chord.Chord D4 F4 B-6 B-5>,"[0, 4, 7]","[10, 2, 5]",Children's Corner 113 6 Eb Major.mid,27,2.125,Debussy
53.5,<music21.chord.Chord D4 F4 G#4 B-4>,"[0, 3, 6, 8]","[2, 5, 8, 10]",Children's Corner 113 6 Eb Major.mid,27,2.5,Debussy
53.625,<music21.chord.Chord D4 F4>,"[0, 3]","[2, 5]",Children's Corner 113 6 Eb Major.mid,27,2.625,Debussy
54,<music21.chord.Chord C4 E-4 G3 B-3>,"[0, 3, 5, 8]","[7, 10, 0, 3]",Children's Corner 113 6 Eb Major.mid,28,1,Debussy
54.125,<music21.chord.Chord C4 E-4>,"[0, 3]","[0, 3]",Children's Corner 113 6 Eb Major.mid,28,1.125,Debussy
54.25,<music21.chord.Chord D4 F4>,"[0, 3]","[2, 5]",Children's Corner 113 6 Eb Major.mid,28,1.25,Debussy
54.5,<music21.chord.Chord D4 F4 G4 B-4>,"[0, 3, 5, 8]","[2, 5, 7, 10]",Children's Corner 113 6 Eb Major.mid,28,1.5,Debussy
54.625,<music21.chord.Chord D4 F4>,"[0, 3]","[2, 5]",Children's Corner 113 6 Eb Major.mid,28,1.625,Debussy
54.75,<music21.chord.Chord E-4 G4>,"[0, 4]","[3, 7]",Children's Corner 113 6 Eb Major.mid,28,1.75,Debussy
55,<music21.chord.Chord D4 F4 G3 B-3>,"[0, 3, 5, 8]","[2, 5, 7, 10]",Children's Corner 113 6 Eb Major.mid,28,2,Debussy
55.5,<music21.chord.Chord C4 E-4 G4 B-4>,"[0, 3, 5, 8]","[7, 10, 0, 3]",Children's Corner 113 6 Eb Major.mid,28,2.5,Debussy
56,<music21.chord.Chord D4 F4 G3 B-3>,"[0, 3, 5, 8]","[2, 5, 7, 10]",Children's Corner 113 6 Eb Major.mid,29,1,Debussy
56.5,<music21.chord.Chord C4 E-4 G4 B-4>,"[0, 3, 5, 8]","[7, 10, 0, 3]",Children's Corner 113 6 Eb Major.mid,29,1.5,Debussy
56.625,<music21.chord.Chord C4 E-4>,"[0, 3]","[0, 3]",Children's Corner 113 6 Eb Major.mid,29,1.625,Debussy
57,<music21.chord.Chord D4 F4 G3 B-3>,"[0, 3, 5, 8]","[2, 5, 7, 10]",Children's Corner 113 6 Eb Major.mid,29,2,Debussy
57.5,<music21.chord.Chord G4 B-4 C5 E-4>,"[0, 3, 5, 8]","[7, 10, 0, 3]",Children's Corner 113 6 Eb Major.mid,29,2.5,Debussy
58,<music21.chord.Chord G#3 C4 E-4 B-2>,"[0, 2, 4, 7]","[8, 10, 0, 3]",Children's Corner 113 6 Eb Major.mid,30,1,Debussy
58.25,<music21.chord.Chord G#3 C4 E-4 C3>,"[0, 4, 7]","[8, 0, 3]",Children's Corner 113 6 Eb Major.mid,30,1.25,Debussy
58.75,<music21.chord.Chord G#3 C4 E-4 D3>,"[0, 4, 6, 7]","[8, 0, 2, 3]",Children's Corner 113 6 Eb Major.mid,30,1.75,Debussy
59,<music21.chord.Chord G#3 C4 E-4 C3>,"[0, 4, 7]","[8, 0, 3]",Children's Corner 113 6 Eb Major.mid,30,2,Debussy
59.125,<music21.chord.Chord G#3 C4 E-4>,"[0, 4, 7]","[8, 0, 3]",Children's Corner 113 6 Eb Major.mid,30,2.125,Debussy
59.5,<music21.chord.Chord G#3 C4 E-4 B-2>,"[0, 2, 4, 7]","[8, 10, 0, 3]",Children's Corner 113 6 Eb Major.mid,30,2.5,Debussy
59.625,<music21.chord.Chord G#3 C4 E-4>,"[0, 4, 7]","[8, 0, 3]",Children's Corner 113 6 Eb Major.mid,30,2.625,Debussy
60,<music21.chord.Chord G#3 C4 E-4 B-2>,"[0, 2, 4, 7]","[8, 10, 0, 3]",Children's Corner 113 6 Eb Major.mid,31,1,Debussy
60.25,<music21.chord.Chord G#3 C4 E-4 C3>,"[0, 4, 7]","[8, 0, 3]",Children's Corner 113 6 Eb Major.mid,31,1.25,Debussy
60.75,<music21.chord.Chord G#3 C4 E-4 D3>,"[0, 4, 6, 7]","[8, 0, 2, 3]",Children's Corner 113 6 Eb Major.mid,31,1.75,Debussy
61,<music21.chord.Chord G#3 C4 E-4 C3>,"[0, 4, 7]","[8, 0, 3]",Children's Corner 113 6 Eb Major.mid,31,2,Debussy
61.125,<music21.chord.Chord G#3 C4 E-4>,"[0, 4, 7]","[8, 0, 3]",Children's Corner 113 6 Eb Major.mid,31,2.125,Debussy
61.5,<music21.chord.Chord G#3 C4 E-4 B-2>,"[0, 2, 4, 7]","[8, 10, 0, 3]",Children's Corner 113 6 Eb Major.mid,31,2.5,Debussy
61.625,<music21.chord.Chord G#3 C4 E-4>,"[0, 4, 7]","[8, 0, 3]",Children's Corner 113 6 Eb Major.mid,31,2.625,Debussy
62,<music21.chord.Chord G3 C4 E-4 B-2>,"[0, 3, 5, 8]","[7, 10, 0, 3]",Children's Corner 113 6 Eb Major.mid,32,1,Debussy
62.25,<music21.chord.Chord G3 C4 E-4 C3>,"[0, 3, 7]","[0, 3, 7]",Children's Corner 113 6 Eb Major.mid,32,1.25,Debussy
62.75,<music21.chord.Chord G3 C4 E-4 D3>,"[0, 2, 3, 7]","[0, 2, 3, 7]",Children's Corner 113 6 Eb Major.mid,32,1.75,Debussy
63,<music21.chord.Chord G3 C4 E-4 C3>,"[0, 3, 7]","[0, 3, 7]",Children's Corner 113 6 Eb Major.mid,32,2,Debussy
63.125,<music21.chord.Chord G3 C4 E-4>,"[0, 3, 7]","[0, 3, 7]",Children's Corner 113 6 Eb Major.mid,32,2.125,Debussy
63.5,<music21.chord.Chord G3 C4 E-4 B-2>,"[0, 3, 5, 8]","[7, 10, 0, 3]",Children's Corner 113 6 Eb Major.mid,32,2.5,Debussy
63.625,<music21.chord.Chord G3 C4 E-4>,"[0, 3, 7]","[0, 3, 7]",Children's Corner 113 6 Eb Major.mid,32,2.625,Debussy
64.25,<music21.chord.Chord B-2 B-1>,[0],[10],Children's Corner 113 6 Eb Major.mid,33,1.25,Debussy
64.5,<music21.chord.Chord C3 C2>,[0],[0],Children's Corner 113 6 Eb Major.mid,33,1.5,Debussy
64.75,<music21.chord.Chord D3 D2>,[0],[2],Children's Corner 113 6 Eb Major.mid,33,1.75,Debussy
65,<music21.chord.Chord C3 C2>,[0],[0],Children's Corner 113 6 Eb Major.mid,33,2,Debussy
65.5,<music21.chord.Chord B-2 B-0 B-1>,[0],[10],Children's Corner 113 6 Eb Major.mid,33,2.5,Debussy
66,<music21.chord.Chord C4 E-4 G#3 B-3>,"[0, 2, 4, 7]","[8, 10, 0, 3]",Children's Corner 113 6 Eb Major.mid,34,1,Debussy
66.125,<music21.chord.Chord C4 E-4>,"[0, 3]","[0, 3]",Children's Corner 113 6 Eb Major.mid,34,1.125,Debussy
66.25,<music21.chord.Chord D4 F4>,"[0, 3]","[2, 5]",Children's Corner 113 6 Eb Major.mid,34,1.25,Debussy
66.5,<music21.chord.Chord D4 F4 G#4 B-4>,"[0, 3, 6, 8]","[2, 5, 8, 10]",Children's Corner 113 6 Eb Major.mid,34,1.5,Debussy
66.625,<music21.chord.Chord D4 F4>,"[0, 3]","[2, 5]",Children's Corner 113 6 Eb Major.mid,34,1.625,Debussy
66.75,<music21.chord.Chord E-4 G4>,"[0, 4]","[3, 7]",Children's Corner 113 6 Eb Major.mid,34,1.75,Debussy
67,<music21.chord.Chord D4 F4 G#3 B-3>,"[0, 3, 6, 8]","[2, 5, 8, 10]",Children's Corner 113 6 Eb Major.mid,34,2,Debussy
67.5,<music21.chord.Chord C4 E-4 G#4 B-4>,"[0, 2, 4, 7]","[8, 10, 0, 3]",Children's Corner 113 6 Eb Major.mid,34,2.5,Debussy
68,<music21.chord.Chord D4 F4 G#3 B-3>,"[0, 3, 6, 8]","[2, 5, 8, 10]",Children's Corner 113 6 Eb Major.mid,35,1,Debussy
68.125,<music21.chord.Chord D4 F4>,"[0, 3]","[2, 5]",Children's Corner 113 6 Eb Major.mid,35,1.125,Debussy
68.5,<music21.chord.Chord D4 F4 G#4 B-4>,"[0, 3, 6, 8]","[2, 5, 8, 10]",Children's Corner 113 6 Eb Major.mid,35,1.5,Debussy
68.625,<music21.chord.Chord D4 F4>,"[0, 3]","[2, 5]",Children's Corner 113 6 Eb Major.mid,35,1.625,Debussy
69,<music21.chord.Chord B-6 B-5 D4 F4 G#3 B-3>,"[0, 3, 6, 8]","[2, 5, 8, 10]",Children's Corner 113 6 Eb Major.mid,35,2,Debussy
69.125,<music21.chord.Chord D4 F4 B-6 B-5>,"[0, 4, 7]","[10, 2, 5]",Children's Corner 113 6 Eb Major.mid,35,2.125,Debussy
69.5,<music21.chord.Chord D4 F4 G#4 B-4>,"[0, 3, 6, 8]","[2, 5, 8, 10]",Children's Corner 113 6 Eb Major.mid,35,2.5,Debussy
69.625,<music21.chord.Chord D4 F4>,"[0, 3]","[2, 5]",Children's Corner 113 6 Eb Major.mid,35,2.625,Debussy
70,<music21.chord.Chord C4 E-4 G3 B-3>,"[0, 3, 5, 8]","[7, 10, 0, 3]",Children's Corner 113 6 Eb Major.mid,36,1,Debussy
70.125,<music21.chord.Chord C4 E-4>,"[0, 3]","[0, 3]",Children's Corner 113 6 Eb Major.mid,36,1.125,Debussy
70.25,<music21.chord.Chord D4 F4>,"[0, 3]","[2, 5]",Children's Corner 113 6 Eb Major.mid,36,1.25,Debussy
70.5,<music21.chord.Chord D4 F4 G4 B-4>,"[0, 3, 5, 8]","[2, 5, 7, 10]",Children's Corner 113 6 Eb Major.mid,36,1.5,Debussy
70.625,<music21.chord.Chord D4 F4>,"[0, 3]","[2, 5]",Children's Corner 113 6 Eb Major.mid,36,1.625,Debussy
70.75,<music21.chord.Chord E-4 G4>,"[0, 4]","[3, 7]",Children's Corner 113 6 Eb Major.mid,36,1.75,Debussy
71,<music21.chord.Chord D4 F4 G3 B-3>,"[0, 3, 5, 8]","[2, 5, 7, 10]",Children's Corner 113 6 Eb Major.mid,36,2,Debussy
71.5,<music21.chord.Chord C4 E-4 G4 B-4>,"[0, 3, 5, 8]","[7, 10, 0, 3]",Children's Corner 113 6 Eb Major.mid,36,2.5,Debussy
72,<music21.chord.Chord D4 F4 G3 B-3>,"[0, 3, 5, 8]","[2, 5, 7, 10]",Children's Corner 113 6 Eb Major.mid,37,1,Debussy
72.5,<music21.chord.Chord C4 E-4 G4 B-4>,"[0, 3, 5, 8]","[7, 10, 0, 3]",Children's Corner 113 6 Eb Major.mid,37,1.5,Debussy
72.625,<music21.chord.Chord C4 E-4>,"[0, 3]","[0, 3]",Children's Corner 113 6 Eb Major.mid,37,1.625,Debussy
73,<music21.chord.Chord D4 F4 G3 B-3>,"[0, 3, 5, 8]","[2, 5, 7, 10]",Children's Corner 113 6 Eb Major.mid,37,2,Debussy
73.5,<music21.chord.Chord G4 B-4 C5 E-4>,"[0, 3, 5, 8]","[7, 10, 0, 3]",Children's Corner 113 6 Eb Major.mid,37,2.5,Debussy
74,<music21.chord.Chord B-5 B4 E-5 B-4 B3 E-4>,"[0, 1, 5]","[10, 11, 3]",Children's Corner 113 6 Eb Major.mid,38,1,Debussy
74.25,<music21.chord.Chord G#5 B4 E-5 G#4 B3 E-4>,"[0, 3, 7]","[8, 11, 3]",Children's Corner 113 6 Eb Major.mid,38,1.25,Debussy
74.75,<music21.chord.Chord B-5 B4 E-5 B-4 B3 E-4>,"[0, 1, 5]","[10, 11, 3]",Children's Corner 113 6 Eb Major.mid,38,1.75,Debussy
75,<music21.chord.Chord F5 B4 E-5 F4 B3 E-4>,"[0, 4, 6]","[11, 3, 5]",Children's Corner 113 6 Eb Major.mid,38,2,Debussy
75.5,<music21.chord.Chord B-5 B4 E-5 B-4 B3 E-4>,"[0, 1, 5]","[10, 11, 3]",Children's Corner 113 6 Eb Major.mid,38,2.5,Debussy
76,<music21.chord.Chord G#5 B4 E-5 G#4 B3 E-4>,"[0, 3, 7]","[8, 11, 3]",Children's Corner 113 6 Eb Major.mid,39,1,Debussy
76.25,<music21.chord.Chord F5 B4 E-5 F4 B3 E-4>,"[0, 4, 6]","[11, 3, 5]",Children's Corner 113 6 Eb Major.mid,39,1.25,Debussy
76.75,<music21.chord.Chord E-5 B4 E-4 B3>,"[0, 4]","[11, 3]",Children's Corner 113 6 Eb Major.mid,39,1.75,Debussy
77,<music21.chord.Chord B4 B3>,[0],[11],Children's Corner 113 6 Eb Major.mid,39,2,Debussy
78.25,<music21.chord.Chord G#4 G#3>,[0],[8],Children's Corner 113 6 Eb Major.mid,40,1.25,Debussy
78.5,<music21.chord.Chord F4 F3>,[0],[5],Children's Corner 113 6 Eb Major.mid,40,1.5,Debussy
78.75,<music21.chord.Chord E-4 E-3>,[0],[3],Children's Corner 113 6 Eb Major.mid,40,1.75,Debussy
79,<music21.chord.Chord B3 B2>,[0],[11],Children's Corner 113 6 Eb Major.mid,40,2,Debussy
79.5,<music21.chord.Chord D3 G3 B-1 B-2>,"[0, 3, 7]","[7, 10, 2]",Children's Corner 113 6 Eb Major.mid,40,2.5,Debussy
80.5,<music21.chord.Chord E-3 B-3 F3 G3>,"[0, 2, 4, 7]","[3, 5, 7, 10]",Children's Corner 113 6 Eb Major.mid,41,1.5,Debussy
81,<music21.chord.Chord E-2 B-2>,"[0, 5]","[10, 3]",Children's Corner 113 6 Eb Major.mid,41,2,Debussy
81.5,<music21.chord.Chord E-3 B-3 F3 G3>,"[0, 2, 4, 7]","[3, 5, 7, 10]",Children's Corner 113 6 Eb Major.mid,41,2.5,Debussy
82,<music21.chord.Chord E-2 B-2>,"[0, 5]","[10, 3]",Children's Corner 113 6 Eb Major.mid,42,1,Debussy
84.5,<music21.chord.Chord E-3 B-3 F3 G3>,"[0, 2, 4, 7]","[3, 5, 7, 10]",Children's Corner 113 6 Eb Major.mid,43,1.5,Debussy
85,<music21.chord.Chord E-2 B-2>,"[0, 5]","[10, 3]",Children's Corner 113 6 Eb Major.mid,43,2,Debussy
85.5,<music21.chord.Chord E-3 B-3 F3 G3>,"[0, 2, 4, 7]","[3, 5, 7, 10]",Children's Corner 113 6 Eb Major.mid,43,2.5,Debussy
86,<music21.chord.Chord E-2 B-2>,"[0, 5]","[10, 3]",Children's Corner 113 6 Eb Major.mid,44,1,Debussy
88.5,<music21.chord.Chord E-3 B-3 F3 G3>,"[0, 2, 4, 7]","[3, 5, 7, 10]",Children's Corner 113 6 Eb Major.mid,45,1.5,Debussy
89,<music21.chord.Chord E-2 B-2>,"[0, 5]","[10, 3]",Children's Corner 113 6 Eb Major.mid,45,2,Debussy
89.5,<music21.chord.Chord E-3 B-3 F3 G3>,"[0, 2, 4, 7]","[3, 5, 7, 10]",Children's Corner 113 6 Eb Major.mid,45,2.5,Debussy
90,<music21.chord.Chord E-2>,[0],[3],Children's Corner 113 6 Eb Major.mid,46,1,Debussy
91,<music21.chord.Chord F2>,[0],[5],Children's Corner 113 6 Eb Major.mid,46,2,Debussy
92,<music21.chord.Chord C#3 F#2>,"[0, 5]","[1, 6]",Children's Corner 113 6 Eb Major.mid,47,1,Debussy
92.125,<music21.chord.Chord C#3>,[0],[1],Children's Corner 113 6 Eb Major.mid,47,1.125,Debussy
92.375,<music21.chord.Chord A3 C#3>,"[0, 4]","[9, 1]",Children's Corner 113 6 Eb Major.mid,47,1.375,Debussy
92.5,<music21.chord.Chord B-3 C#4 C#3>,"[0, 3]","[10, 1]",Children's Corner 113 6 Eb Major.mid,47,1.5,Debussy
92.625,<music21.chord.Chord C#3>,[0],[1],Children's Corner 113 6 Eb Major.mid,47,1.625,Debussy
93,<music21.chord.Chord F#2 C#3>,"[0, 5]","[1, 6]",Children's Corner 113 6 Eb Major.mid,47,2,Debussy
93.125,<music21.chord.Chord C#3>,[0],[1],Children's Corner 113 6 Eb Major.mid,47,2.125,Debussy
93.375,<music21.chord.Chord A3 C#3>,"[0, 4]","[9, 1]",Children's Corner 113 6 Eb Major.mid,47,2.375,Debussy
93.5,<music21.chord.Chord B-3 C#4 C#3>,"[0, 3]","[10, 1]",Children's Corner 113 6 Eb Major.mid,47,2.5,Debussy
93.625,<music21.chord.Chord C#3>,[0],[1],Children's Corner 113 6 Eb Major.mid,47,2.625,Debussy
94,<music21.chord.Chord F#2 C#3>,"[0, 5]","[1, 6]",Children's Corner 113 6 Eb Major.mid,48,1,Debussy
94.125,<music21.chord.Chord C#3>,[0],[1],Children's Corner 113 6 Eb Major.mid,48,1.125,Debussy
94.375,<music21.chord.Chord G3 C#3>,"[0, 6]","[1, 7]",Children's Corner 113 6 Eb Major.mid,48,1.375,Debussy
94.5,<music21.chord.Chord G#3 B3 C#3>,"[0, 3, 5]","[8, 11, 1]",Children's Corner 113 6 Eb Major.mid,48,1.5,Debussy
94.625,<music21.chord.Chord C#3>,[0],[1],Children's Corner 113 6 Eb Major.mid,48,1.625,Debussy
95,<music21.chord.Chord F#2 C#3>,"[0, 5]","[1, 6]",Children's Corner 113 6 Eb Major.mid,48,2,Debussy
95.125,<music21.chord.Chord C#3>,[0],[1],Children's Corner 113 6 Eb Major.mid,48,2.125,Debussy
95.375,<music21.chord.Chord G#3 C#3>,"[0, 5]","[8, 1]",Children's Corner 113 6 Eb Major.mid,48,2.375,Debussy
95.5,<music21.chord.Chord A3 C4 F4 C#3>,"[0, 4, 7, 8]","[5, 9, 0, 1]",Children's Corner 113 6 Eb Major.mid,48,2.5,Debussy
95.625,<music21.chord.Chord C#3>,[0],[1],Children's Corner 113 6 Eb Major.mid,48,2.625,Debussy
95.875,<music21.chord.Chord E-3 C#3>,"[0, 2]","[1, 3]",Children's Corner 113 6 Eb Major.mid,48,2.875,Debussy
96,<music21.chord.Chord C#3 F#2>,"[0, 5]","[1, 6]",Children's Corner 113 6 Eb Major.mid,49,1,Debussy
96.125,<music21.chord.Chord C#3>,[0],[1],Children's Corner 113 6 Eb Major.mid,49,1.125,Debussy
96.375,<music21.chord.Chord A3 C#3>,"[0, 4]","[9, 1]",Children's Corner 113 6 Eb Major.mid,49,1.375,Debussy
96.5,<music21.chord.Chord B-3 C#4 C#3>,"[0, 3]","[10, 1]",Children's Corner 113 6 Eb Major.mid,49,1.5,Debussy
96.625,<music21.chord.Chord C#3>,[0],[1],Children's Corner 113 6 Eb Major.mid,49,1.625,Debussy
97,<music21.chord.Chord F#2 C#3>,"[0, 5]","[1, 6]",Children's Corner 113 6 Eb Major.mid,49,2,Debussy
97.125,<music21.chord.Chord C#3>,[0],[1],Children's Corner 113 6 Eb Major.mid,49,2.125,Debussy
97.375,<music21.chord.Chord A3 C#3>,"[0, 4]","[9, 1]",Children's Corner 113 6 Eb Major.mid,49,2.375,Debussy
97.5,<music21.chord.Chord B-3 C#4 C#3>,"[0, 3]","[10, 1]",Children's Corner 113 6 Eb Major.mid,49,2.5,Debussy
97.625,<music21.chord.Chord C#3>,[0],[1],Children's Corner 113 6 Eb Major.mid,49,2.625,Debussy
98,<music21.chord.Chord F#2 C#3>,"[0, 5]","[1, 6]",Children's Corner 113 6 Eb Major.mid,50,1,Debussy
98.125,<music21.chord.Chord C#3>,[0],[1],Children's Corner 113 6 Eb Major.mid,50,1.125,Debussy
98.375,<music21.chord.Chord G3 C#3>,"[0, 6]","[1, 7]",Children's Corner 113 6 Eb Major.mid,50,1.375,Debussy
98.5,<music21.chord.Chord G#3 B3 C#3>,"[0, 3, 5]","[8, 11, 1]",Children's Corner 113 6 Eb Major.mid,50,1.5,Debussy
98.625,<music21.chord.Chord C#3>,[0],[1],Children's Corner 113 6 Eb Major.mid,50,1.625,Debussy
99,<music21.chord.Chord F#2 C#3>,"[0, 5]","[1, 6]",Children's Corner 113 6 Eb Major.mid,50,2,Debussy
99.125,<music21.chord.Chord C#3>,[0],[1],Children's Corner 113 6 Eb Major.mid,50,2.125,Debussy
99.375,<music21.chord.Chord G#3 C#3>,"[0, 5]","[8, 1]",Children's Corner 113 6 Eb Major.mid,50,2.375,Debussy
99.5,<music21.chord.Chord A3 C4 F4 C#3>,"[0, 4, 7, 8]","[5, 9, 0, 1]",Children's Corner 113 6 Eb Major.mid,50,2.5,Debussy
99.625,<music21.chord.Chord C#3>,[0],[1],Children's Corner 113 6 Eb Major.mid,50,2.625,Debussy
100,<music21.chord.Chord C#3>,[0],[1],Children's Corner 113 6 Eb Major.mid,51,1,Debussy
100.375,<music21.chord.Chord A3 C#3>,"[0, 4]","[9, 1]",Children's Corner 113 6 Eb Major.mid,51,1.375,Debussy
100.5,<music21.chord.Chord B-3 C#4 F#2 C#3>,"[0, 4, 7]","[6, 10, 1]",Children's Corner 113 6 Eb Major.mid,51,1.5,Debussy
100.625,<music21.chord.Chord C#3>,[0],[1],Children's Corner 113 6 Eb Major.mid,51,1.625,Debussy
101,<music21.chord.Chord F2 C#3>,"[0, 4]","[1, 5]",Children's Corner 113 6 Eb Major.mid,51,2,Debussy
101.125,<music21.chord.Chord C#3>,[0],[1],Children's Corner 113 6 Eb Major.mid,51,2.125,Debussy
101.5,<music21.chord.Chord E-2 C#3>,"[0, 2]","[1, 3]",Children's Corner 113 6 Eb Major.mid,51,2.5,Debussy
101.625,<music21.chord.Chord C#3>,[0],[1],Children's Corner 113 6 Eb Major.mid,51,2.625,Debussy
102,<music21.chord.Chord C#2 C#3>,[0],[1],Children's Corner 113 6 Eb Major.mid,52,1,Debussy
102.125,<music21.chord.Chord C#3>,[0],[1],Children's Corner 113 6 Eb Major.mid,52,1.125,Debussy
102.875,<music21.chord.Chord A3 C#3>,"[0, 4]","[9, 1]",Children's Corner 113 6 Eb Major.mid,52,1.875,Debussy
103,<music21.chord.Chord B-3 C#4 C#3>,"[0, 3]","[10, 1]",Children's Corner 113 6 Eb Major.mid,52,2,Debussy
103.125,<music21.chord.Chord C#3>,[0],[1],Children's Corner 113 6 Eb Major.mid,52,2.125,Debussy
104.5,<music21.chord.Chord F#2>,[0],[6],Children's Corner 113 6 Eb Major.mid,53,1.5,Debussy
105,<music21.chord.Chord F2>,[0],[5],Children's Corner 113 6 Eb Major.mid,53,2,Debussy
105.5,<music21.chord.Chord E-2>,[0],[3],Children's Corner 113 6 Eb Major.mid,53,2.5,Debussy
106,<music21.chord.Chord C#2>,[0],[1],Children's Corner 113 6 Eb Major.mid,54,1,Debussy
106.5,<music21.chord.Chord B1>,[0],[11],Children's Corner 113 6 Eb Major.mid,54,1.5,Debussy
106.875,<music21.chord.Chord C3>,[0],[0],Children's Corner 113 6 Eb Major.mid,54,1.875,Debussy
107,<music21.chord.Chord B2 C#3 B-1>,"[0, 1, 3]","[10, 11, 1]",Children's Corner 113 6 Eb Major.mid,54,2,Debussy
107.5,<music21.chord.Chord G#1>,[0],[8],Children's Corner 113 6 Eb Major.mid,54,2.5,Debussy
108,<music21.chord.Chord C#3 F#2>,"[0, 5]","[1, 6]",Children's Corner 113 6 Eb Major.mid,55,1,Debussy
108.125,<music21.chord.Chord C#3>,[0],[1],Children's Corner 113 6 Eb Major.mid,55,1.125,Debussy
108.375,<music21.chord.Chord A3 C#3>,"[0, 4]","[9, 1]",Children's Corner 113 6 Eb Major.mid,55,1.375,Debussy
108.5,<music21.chord.Chord B-3 C#4 C#3>,"[0, 3]","[10, 1]",Children's Corner 113 6 Eb Major.mid,55,1.5,Debussy
108.625,<music21.chord.Chord C#3>,[0],[1],Children's Corner 113 6 Eb Major.mid,55,1.625,Debussy
109,<music21.chord.Chord F#2 C#3>,"[0, 5]","[1, 6]",Children's Corner 113 6 Eb Major.mid,55,2,Debussy
109.125,<music21.chord.Chord C#3>,[0],[1],Children's Corner 113 6 Eb Major.mid,55,2.125,Debussy
109.375,<music21.chord.Chord A3 C#3>,"[0, 4]","[9, 1]",Children's Corner 113 6 Eb Major.mid,55,2.375,Debussy
109.5,<music21.chord.Chord B-3 C#4 C#3>,"[0, 3]","[10, 1]",Children's Corner 113 6 Eb Major.mid,55,2.5,Debussy
109.625,<music21.chord.Chord C#3>,[0],[1],Children's Corner 113 6 Eb Major.mid,55,2.625,Debussy
110,<music21.chord.Chord F#2 C#3>,"[0, 5]","[1, 6]",Children's Corner 113 6 Eb Major.mid,56,1,Debussy
110.125,<music21.chord.Chord C#3>,[0],[1],Children's Corner 113 6 Eb Major.mid,56,1.125,Debussy
110.375,<music21.chord.Chord G3 C#3>,"[0, 6]","[1, 7]",Children's Corner 113 6 Eb Major.mid,56,1.375,Debussy
110.5,<music21.chord.Chord G#3 B3 C#3>,"[0, 3, 5]","[8, 11, 1]",Children's Corner 113 6 Eb Major.mid,56,1.5,Debussy
110.625,<music21.chord.Chord C#3>,[0],[1],Children's Corner 113 6 Eb Major.mid,56,1.625,Debussy
111,<music21.chord.Chord F#2 C#3>,"[0, 5]","[1, 6]",Children's Corner 113 6 Eb Major.mid,56,2,Debussy
111.125,<music21.chord.Chord C#3>,[0],[1],Children's Corner 113 6 Eb Major.mid,56,2.125,Debussy
111.375,<music21.chord.Chord G#3 C#3>,"[0, 5]","[8, 1]",Children's Corner 113 6 Eb Major.mid,56,2.375,Debussy
111.5,<music21.chord.Chord A3 C4 F4 C#3>,"[0, 4, 7, 8]","[5, 9, 0, 1]",Children's Corner 113 6 Eb Major.mid,56,2.5,Debussy
111.625,<music21.chord.Chord C#3>,[0],[1],Children's Corner 113 6 Eb Major.mid,56,2.625,Debussy
111.875,<music21.chord.Chord E-3 C#3>,"[0, 2]","[1, 3]",Children's Corner 113 6 Eb Major.mid,56,2.875,Debussy
112,<music21.chord.Chord C#3 F#2>,"[0, 5]","[1, 6]",Children's Corner 113 6 Eb Major.mid,57,1,Debussy
112.125,<music21.chord.Chord C#3>,[0],[1],Children's Corner 113 6 Eb Major.mid,57,1.125,Debussy
112.375,<music21.chord.Chord A3 C#3>,"[0, 4]","[9, 1]",Children's Corner 113 6 Eb Major.mid,57,1.375,Debussy
112.5,<music21.chord.Chord B-3 C#4 C#3>,"[0, 3]","[10, 1]",Children's Corner 113 6 Eb Major.mid,57,1.5,Debussy
112.625,<music21.chord.Chord C#3>,[0],[1],Children's Corner 113 6 Eb Major.mid,57,1.625,Debussy
113,<music21.chord.Chord F#2 C#3>,"[0, 5]","[1, 6]",Children's Corner 113 6 Eb Major.mid,57,2,Debussy
113.125,<music21.chord.Chord C#3>,[0],[1],Children's Corner 113 6 Eb Major.mid,57,2.125,Debussy
113.375,<music21.chord.Chord A3 C#3>,"[0, 4]","[9, 1]",Children's Corner 113 6 Eb Major.mid,57,2.375,Debussy
113.5,<music21.chord.Chord B-3 C#4 C#3>,"[0, 3]","[10, 1]",Children's Corner 113 6 Eb Major.mid,57,2.5,Debussy
113.625,<music21.chord.Chord C#3>,[0],[1],Children's Corner 113 6 Eb Major.mid,57,2.625,Debussy
114,<music21.chord.Chord F#2 C#3>,"[0, 5]","[1, 6]",Children's Corner 113 6 Eb Major.mid,58,1,Debussy
114.125,<music21.chord.Chord C#3>,[0],[1],Children's Corner 113 6 Eb Major.mid,58,1.125,Debussy
114.375,<music21.chord.Chord G3 C#3>,"[0, 6]","[1, 7]",Children's Corner 113 6 Eb Major.mid,58,1.375,Debussy
114.5,<music21.chord.Chord G#3 B3 C#3>,"[0, 3, 5]","[8, 11, 1]",Children's Corner 113 6 Eb Major.mid,58,1.5,Debussy
114.625,<music21.chord.Chord C#3>,[0],[1],Children's Corner 113 6 Eb Major.mid,58,1.625,Debussy
115,<music21.chord.Chord F#2 C#3>,"[0, 5]","[1, 6]",Children's Corner 113 6 Eb Major.mid,58,2,Debussy
115.125,<music21.chord.Chord C#3>,[0],[1],Children's Corner 113 6 Eb Major.mid,58,2.125,Debussy
115.375,<music21.chord.Chord G#3 C#3>,"[0, 5]","[8, 1]",Children's Corner 113 6 Eb Major.mid,58,2.375,Debussy
115.5,<music21.chord.Chord A3 C4 F4 C#3>,"[0, 4, 7, 8]","[5, 9, 0, 1]",Children's Corner 113 6 Eb Major.mid,58,2.5,Debussy
115.625,<music21.chord.Chord C#3>,[0],[1],Children's Corner 113 6 Eb Major.mid,58,2.625,Debussy
116,<music21.chord.Chord C#3>,[0],[1],Children's Corner 113 6 Eb Major.mid,59,1,Debussy
116.375,<music21.chord.Chord A3 C#3>,"[0, 4]","[9, 1]",Children's Corner 113 6 Eb Major.mid,59,1.375,Debussy
116.5,<music21.chord.Chord B-3 C#4 F#2 C#3>,"[0, 4, 7]","[6, 10, 1]",Children's Corner 113 6 Eb Major.mid,59,1.5,Debussy
116.625,<music21.chord.Chord C#3>,[0],[1],Children's Corner 113 6 Eb Major.mid,59,1.625,Debussy
117,<music21.chord.Chord F2 C#3>,"[0, 4]","[1, 5]",Children's Corner 113 6 Eb Major.mid,59,2,Debussy
117.125,<music21.chord.Chord C#3>,[0],[1],Children's Corner 113 6 Eb Major.mid,59,2.125,Debussy
117.5,<music21.chord.Chord E-2 C#3>,"[0, 2]","[1, 3]",Children's Corner 113 6 Eb Major.mid,59,2.5,Debussy
117.625,<music21.chord.Chord C#3>,[0],[1],Children's Corner 113 6 Eb Major.mid,59,2.625,Debussy
118,<music21.chord.Chord C#2 C#3>,[0],[1],Children's Corner 113 6 Eb Major.mid,60,1,Debussy
118.125,<music21.chord.Chord C#3>,[0],[1],Children's Corner 113 6 Eb Major.mid,60,1.125,Debussy
120.5,<music21.chord.Chord E-2>,[0],[3],Children's Corner 113 6 Eb Major.mid,61,1.5,Debussy
121,<music21.chord.Chord A3 F2>,"[0, 4]","[5, 9]",Children's Corner 113 6 Eb Major.mid,61,2,Debussy
121.5,<music21.chord.Chord A3 F#2>,"[0, 3]","[6, 9]",Children's Corner 113 6 Eb Major.mid,61,2.5,Debussy
122,<music21.chord.Chord F4 A3 A2>,"[0, 4]","[5, 9]",Children's Corner 113 6 Eb Major.mid,62,1,Debussy
122.5,<music21.chord.Chord A3 F4 B-2>,"[0, 4, 5]","[5, 9, 10]",Children's Corner 113 6 Eb Major.mid,62,1.5,Debussy
123,<music21.chord.Chord A3 F4 B2>,"[0, 4, 6]","[5, 9, 11]",Children's Corner 113 6 Eb Major.mid,62,2,Debussy
123.5,<music21.chord.Chord B-3 E4 C3>,"[0, 2, 6]","[10, 0, 4]",Children's Corner 113 6 Eb Major.mid,62,2.5,Debussy
124,<music21.chord.Chord B3 E-4 G#2 C#3>,"[0, 3, 5, 7]","[8, 11, 1, 3]",Children's Corner 113 6 Eb Major.mid,63,1,Debussy
124.375,<music21.chord.Chord D5 B3 E-4 G#2 C#3>,"[0, 3, 5, 6, 7]","[8, 11, 1, 2, 3]",Children's Corner 113 6 Eb Major.mid,63,1.375,Debussy
124.5,<music21.chord.Chord B4 E-5 B3 E-4 G#3 F4 G#2 C#3>,"[0, 2, 4, 6, 9]","[11, 1, 3, 5, 8]",Children's Corner 113 6 Eb Major.mid,63,1.5,Debussy
124.625,<music21.chord.Chord B3 E-4 G#2 C#3>,"[0, 3, 5, 7]","[8, 11, 1, 3]",Children's Corner 113 6 Eb Major.mid,63,1.625,Debussy
124.875,<music21.chord.Chord C5 B3 E-4 G#2 C#3>,"[0, 3, 4, 5, 7]","[8, 11, 0, 1, 3]",Children's Corner 113 6 Eb Major.mid,63,1.875,Debussy
125,<music21.chord.Chord B4 C#5 B3 E-4 G#3 F4 G#2 C#3>,"[0, 2, 4, 6, 9]","[11, 1, 3, 5, 8]",Children's Corner 113 6 Eb Major.mid,63,2,Debussy
125.125,<music21.chord.Chord B3 E-4 G#2 C#3>,"[0, 3, 5, 7]","[8, 11, 1, 3]",Children's Corner 113 6 Eb Major.mid,63,2.125,Debussy
125.375,<music21.chord.Chord D5 B3 E-4 G#2 C#3>,"[0, 3, 5, 6, 7]","[8, 11, 1, 2, 3]",Children's Corner 113 6 Eb Major.mid,63,2.375,Debussy
125.5,<music21.chord.Chord B4 E-5 B3 E-4 G#3 F4 G#2 C#3>,"[0, 2, 4, 6, 9]","[11, 1, 3, 5, 8]",Children's Corner 113 6 Eb Major.mid,63,2.5,Debussy
125.625,<music21.chord.Chord B3 E-4 G#2 C#3>,"[0, 3, 5, 7]","[8, 11, 1, 3]",Children's Corner 113 6 Eb Major.mid,63,2.625,Debussy
126.375,<music21.chord.Chord D5>,[0],[2],Children's Corner 113 6 Eb Major.mid,64,1.375,Debussy
126.5,<music21.chord.Chord B4 E-5 G#3 B3 F4>,"[0, 2, 5, 8]","[3, 5, 8, 11]",Children's Corner 113 6 Eb Major.mid,64,1.5,Debussy
126.875,<music21.chord.Chord C5>,[0],[0],Children's Corner 113 6 Eb Major.mid,64,1.875,Debussy
127,<music21.chord.Chord B4 C#5 G#3 B3 F4>,"[0, 3, 6, 8]","[5, 8, 11, 1]",Children's Corner 113 6 Eb Major.mid,64,2,Debussy
127.375,<music21.chord.Chord D5>,[0],[2],Children's Corner 113 6 Eb Major.mid,64,2.375,Debussy
127.5,<music21.chord.Chord B4 E-5 G#3 B3 F4>,"[0, 2, 5, 8]","[3, 5, 8, 11]",Children's Corner 113 6 Eb Major.mid,64,2.5,Debussy
129,<music21.chord.Chord A3>,[0],[9],Children's Corner 113 6 Eb Major.mid,65,2,Debussy
130,<music21.chord.Chord F4 A3 C#3>,"[0, 4, 8]","[1, 5, 9]",Children's Corner 113 6 Eb Major.mid,66,1,Debussy
131.5,<music21.chord.Chord E4 A3 C#3>,"[0, 4, 7]","[9, 1, 4]",Children's Corner 113 6 Eb Major.mid,66,2.5,Debussy
132,<music21.chord.Chord B-3 E-4 F#2 C#3>,"[0, 3, 5, 8]","[10, 1, 3, 6]",Children's Corner 113 6 Eb Major.mid,67,1,Debussy
132.375,<music21.chord.Chord D5 B-3 E-4 C#3 F#2>,"[0, 3, 4, 5, 8]","[10, 1, 2, 3, 6]",Children's Corner 113 6 Eb Major.mid,67,1.375,Debussy
132.5,<music21.chord.Chord B-4 E-5 B-3 E-4 C#4 F#4 C#3 F#2>,"[0, 3, 5, 8]","[10, 1, 3, 6]",Children's Corner 113 6 Eb Major.mid,67,1.5,Debussy
132.625,<music21.chord.Chord B-3 E-4 C#3 F#2>,"[0, 3, 5, 8]","[10, 1, 3, 6]",Children's Corner 113 6 Eb Major.mid,67,1.625,Debussy
132.875,<music21.chord.Chord C5 B-3 E-4 C#3 F#2>,"[0, 2, 3, 5, 8]","[10, 0, 1, 3, 6]",Children's Corner 113 6 Eb Major.mid,67,1.875,Debussy
133,<music21.chord.Chord B-4 C#5 B-3 E-4 C#4 F#4 C#3 F#2>,"[0, 3, 5, 8]","[10, 1, 3, 6]",Children's Corner 113 6 Eb Major.mid,67,2,Debussy
133.125,<music21.chord.Chord B-3 E-4 C#3 F#2>,"[0, 3, 5, 8]","[10, 1, 3, 6]",Children's Corner 113 6 Eb Major.mid,67,2.125,Debussy
133.375,<music21.chord.Chord D5 B-3 E-4 C#3 F#2>,"[0, 3, 4, 5, 8]","[10, 1, 2, 3, 6]",Children's Corner 113 6 Eb Major.mid,67,2.375,Debussy
133.5,<music21.chord.Chord B-4 E-5 B-3 E-4 C#4 F#4 C#3 F#2>,"[0, 3, 5, 8]","[10, 1, 3, 6]",Children's Corner 113 6 Eb Major.mid,67,2.5,Debussy
133.625,<music21.chord.Chord B-3 E-4 C#3 F#2>,"[0, 3, 5, 8]","[10, 1, 3, 6]",Children's Corner 113 6 Eb Major.mid,67,2.625,Debussy
134.375,<music21.chord.Chord D5>,[0],[2],Children's Corner 113 6 Eb Major.mid,68,1.375,Debussy
134.5,<music21.chord.Chord B-4 E-5 B-3 C#4 F#4>,"[0, 3, 5, 8]","[10, 1, 3, 6]",Children's Corner 113 6 Eb Major.mid,68,1.5,Debussy
134.875,<music21.chord.Chord C5>,[0],[0],Children's Corner 113 6 Eb Major.mid,68,1.875,Debussy
135,<music21.chord.Chord B-4 C#5 B-3 C#4 F#4>,"[0, 4, 7]","[6, 10, 1]",Children's Corner 113 6 Eb Major.mid,68,2,Debussy
135.375,<music21.chord.Chord D5>,[0],[2],Children's Corner 113 6 Eb Major.mid,68,2.375,Debussy
135.5,<music21.chord.Chord B-4 E-5 B-3 C#4 F#4>,"[0, 3, 5, 8]","[10, 1, 3, 6]",Children's Corner 113 6 Eb Major.mid,68,2.5,Debussy
137,<music21.chord.Chord A4 A3>,[0],[9],Children's Corner 113 6 Eb Major.mid,69,2,Debussy
138,<music21.chord.Chord F5 F4>,[0],[5],Children's Corner 113 6 Eb Major.mid,70,1,Debussy
138.5,<music21.chord.Chord G#5 G#4>,[0],[8],Children's Corner 113 6 Eb Major.mid,70,1.5,Debussy
139.5,<music21.chord.Chord F#5 F#4>,[0],[6],Children's Corner 113 6 Eb Major.mid,70,2.5,Debussy
140,<music21.chord.Chord E-5 B-4 C#3>,"[0, 3, 5]","[10, 1, 3]",Children's Corner 113 6 Eb Major.mid,71,1,Debussy
140.25,<music21.chord.Chord F#5 B-4 C#3>,"[0, 4, 7]","[6, 10, 1]",Children's Corner 113 6 Eb Major.mid,71,1.25,Debussy
140.5,<music21.chord.Chord G#4 F#5 F4 G#3 B3 C#3>,"[0, 1, 3, 6, 8]","[5, 6, 8, 11, 1]",Children's Corner 113 6 Eb Major.mid,71,1.5,Debussy
140.75,<music21.chord.Chord F5 G#4 C#3 F4 G#3 B3>,"[0, 3, 6, 8]","[5, 8, 11, 1]",Children's Corner 113 6 Eb Major.mid,71,1.75,Debussy
141,<music21.chord.Chord C#5 F#4 E-4 C#3 G#3 B3>,"[0, 2, 4, 7, 9]","[11, 1, 3, 6, 8]",Children's Corner 113 6 Eb Major.mid,71,2,Debussy
141.5,<music21.chord.Chord F4 C#5 C#4 C#3 G#3 B3>,"[0, 3, 6, 8]","[5, 8, 11, 1]",Children's Corner 113 6 Eb Major.mid,71,2.5,Debussy
142,<music21.chord.Chord G#4 E-4 B3 F#3>,"[0, 3, 5, 8]","[3, 6, 8, 11]",Children's Corner 113 6 Eb Major.mid,72,1,Debussy
142.25,<music21.chord.Chord B4 E-4 B3 F#3>,"[0, 4, 7]","[11, 3, 6]",Children's Corner 113 6 Eb Major.mid,72,1.25,Debussy
142.5,<music21.chord.Chord C#4 B4 F3 B3>,"[0, 2, 6]","[11, 1, 5]",Children's Corner 113 6 Eb Major.mid,72,1.5,Debussy
142.75,<music21.chord.Chord B-4 C#4 B3 F3>,"[0, 1, 3, 7]","[10, 11, 1, 5]",Children's Corner 113 6 Eb Major.mid,72,1.75,Debussy
143,<music21.chord.Chord B3 C#4 E-3>,"[0, 2, 4]","[11, 1, 3]",Children's Corner 113 6 Eb Major.mid,72,2,Debussy
143.5,<music21.chord.Chord B-3 C#4 C#3>,"[0, 3]","[10, 1]",Children's Corner 113 6 Eb Major.mid,72,2.5,Debussy
144,<music21.chord.Chord B-3 C#4 F#2 C#3>,"[0, 4, 7]","[6, 10, 1]",Children's Corner 113 6 Eb Major.mid,73,1,Debussy
144.5,<music21.chord.Chord C#4 C#3 F#2>,"[0, 5]","[1, 6]",Children's Corner 113 6 Eb Major.mid,73,1.5,Debussy
145,<music21.chord.Chord A3 C#4 C#3 F#2>,"[0, 3, 7]","[6, 9, 1]",Children's Corner 113 6 Eb Major.mid,73,2,Debussy
145.5,<music21.chord.Chord A3 C#4 C#3 F#2>,"[0, 3, 7]","[6, 9, 1]",Children's Corner 113 6 Eb Major.mid,73,2.5,Debussy
146,<music21.chord.Chord F4 A3 G2 C#3>,"[0, 2, 4, 8]","[5, 7, 9, 1]",Children's Corner 113 6 Eb Major.mid,74,1,Debussy
146.5,<music21.chord.Chord A3 F4 C#3 G2>,"[0, 2, 4, 8]","[5, 7, 9, 1]",Children's Corner 113 6 Eb Major.mid,74,1.5,Debussy
147,<music21.chord.Chord B-3 F4 C#3 G2>,"[0, 2, 5, 8]","[5, 7, 10, 1]",Children's Corner 113 6 Eb Major.mid,74,2,Debussy
147.5,<music21.chord.Chord E4 B-3 C#3 G2>,"[0, 3, 6, 9]","[1, 4, 7, 10]",Children's Corner 113 6 Eb Major.mid,74,2.5,Debussy
148,<music21.chord.Chord B3 E-4 G#2 C#3>,"[0, 3, 5, 7]","[8, 11, 1, 3]",Children's Corner 113 6 Eb Major.mid,75,1,Debussy
148.375,<music21.chord.Chord D5 B3 E-4 G#2 C#3>,"[0, 3, 5, 6, 7]","[8, 11, 1, 2, 3]",Children's Corner 113 6 Eb Major.mid,75,1.375,Debussy
148.5,<music21.chord.Chord B4 E-5 B3 E-4 G#3 F4 G#2 C#3>,"[0, 2, 4, 6, 9]","[11, 1, 3, 5, 8]",Children's Corner 113 6 Eb Major.mid,75,1.5,Debussy
148.625,<music21.chord.Chord B3 E-4 G#2 C#3>,"[0, 3, 5, 7]","[8, 11, 1, 3]",Children's Corner 113 6 Eb Major.mid,75,1.625,Debussy
148.875,<music21.chord.Chord C5 B3 E-4 G#2 C#3>,"[0, 3, 4, 5, 7]","[8, 11, 0, 1, 3]",Children's Corner 113 6 Eb Major.mid,75,1.875,Debussy
149,<music21.chord.Chord B4 C#5 B3 E-4 G#3 F4 G#2 C#3>,"[0, 2, 4, 6, 9]","[11, 1, 3, 5, 8]",Children's Corner 113 6 Eb Major.mid,75,2,Debussy
149.125,<music21.chord.Chord B3 E-4 G#2 C#3>,"[0, 3, 5, 7]","[8, 11, 1, 3]",Children's Corner 113 6 Eb Major.mid,75,2.125,Debussy
149.375,<music21.chord.Chord D5 B3 E-4 G#2 C#3>,"[0, 3, 5, 6, 7]","[8, 11, 1, 2, 3]",Children's Corner 113 6 Eb Major.mid,75,2.375,Debussy
149.5,<music21.chord.Chord B4 E-5 B3 E-4 G#3 G#2 C#3>,"[0, 3, 5, 7]","[8, 11, 1, 3]",Children's Corner 113 6 Eb Major.mid,75,2.5,Debussy
149.625,<music21.chord.Chord B3 E-4 G#2 C#3>,"[0, 3, 5, 7]","[8, 11, 1, 3]",Children's Corner 113 6 Eb Major.mid,75,2.625,Debussy
150.5,<music21.chord.Chord F#3>,[0],[6],Children's Corner 113 6 Eb Major.mid,76,1.5,Debussy
151,<music21.chord.Chord A3 F3>,"[0, 4]","[5, 9]",Children's Corner 113 6 Eb Major.mid,76,2,Debussy
151.5,<music21.chord.Chord A3 E-3>,"[0, 6]","[3, 9]",Children's Corner 113 6 Eb Major.mid,76,2.5,Debussy
152,<music21.chord.Chord F4 A3 E-3>,"[0, 2, 6]","[3, 5, 9]",Children's Corner 113 6 Eb Major.mid,77,1,Debussy
153,<music21.chord.Chord A3 F4 C3>,"[0, 4, 7]","[5, 9, 0]",Children's Corner 113 6 Eb Major.mid,77,2,Debussy
153.5,<music21.chord.Chord E4 A3 C3>,"[0, 3, 7]","[9, 0, 4]",Children's Corner 113 6 Eb Major.mid,77,2.5,Debussy
154,<music21.chord.Chord B-3 E-4 F#2 C#3>,"[0, 3, 5, 8]","[10, 1, 3, 6]",Children's Corner 113 6 Eb Major.mid,78,1,Debussy
154.375,<music21.chord.Chord D5 B-3 E-4 F#2 C#3>,"[0, 3, 4, 5, 8]","[10, 1, 2, 3, 6]",Children's Corner 113 6 Eb Major.mid,78,1.375,Debussy
154.5,<music21.chord.Chord B-4 E-5 B-3 E-4 C#4 F#4 F#2 C#3>,"[0, 3, 5, 8]","[10, 1, 3, 6]",Children's Corner 113 6 Eb Major.mid,78,1.5,Debussy
154.625,<music21.chord.Chord B-3 E-4 F#2 C#3>,"[0, 3, 5, 8]","[10, 1, 3, 6]",Children's Corner 113 6 Eb Major.mid,78,1.625,Debussy
154.875,<music21.chord.Chord C5 B-3 E-4 F#2 C#3>,"[0, 2, 3, 5, 8]","[10, 0, 1, 3, 6]",Children's Corner 113 6 Eb Major.mid,78,1.875,Debussy
155,<music21.chord.Chord B-4 C#5 B-3 E-4 C#4 F4 F#2 C#3>,"[0, 3, 5, 7, 8]","[10, 1, 3, 5, 6]",Children's Corner 113 6 Eb Major.mid,78,2,Debussy
155.125,<music21.chord.Chord B-3 E-4 F#2 C#3>,"[0, 3, 5, 8]","[10, 1, 3, 6]",Children's Corner 113 6 Eb Major.mid,78,2.125,Debussy
155.375,<music21.chord.Chord D5 B-3 E-4 F#2 C#3>,"[0, 3, 4, 5, 8]","[10, 1, 2, 3, 6]",Children's Corner 113 6 Eb Major.mid,78,2.375,Debussy
155.5,<music21.chord.Chord B-4 E-5 B-3 E-4 C#4 F#2 C#3>,"[0, 3, 5, 8]","[10, 1, 3, 6]",Children's Corner 113 6 Eb Major.mid,78,2.5,Debussy
155.625,<music21.chord.Chord B-3 E-4 F#2 C#3>,"[0, 3, 5, 8]","[10, 1, 3, 6]",Children's Corner 113 6 Eb Major.mid,78,2.625,Debussy
157,<music21.chord.Chord C#5 C#4>,[0],[1],Children's Corner 113 6 Eb Major.mid,79,2,Debussy
158,<music21.chord.Chord A5 A4>,[0],[9],Children's Corner 113 6 Eb Major.mid,80,1,Debussy
158.5,<music21.chord.Chord B5 B4>,[0],[11],Children's Corner 113 6 Eb Major.mid,80,1.5,Debussy
159.5,<music21.chord.Chord B-5 B-4>,[0],[10],Children's Corner 113 6 Eb Major.mid,80,2.5,Debussy
160,<music21.chord.Chord F5 B-4 B2>,"[0, 5, 6]","[5, 10, 11]",Children's Corner 113 6 Eb Major.mid,81,1,Debussy
160.25,<music21.chord.Chord G#5 B-4 B2>,"[0, 2, 3]","[8, 10, 11]",Children's Corner 113 6 Eb Major.mid,81,1.25,Debussy
160.5,<music21.chord.Chord G#4 G#5 F#3 G#3 B3 E-4 B2>,"[0, 3, 5, 8]","[3, 6, 8, 11]",Children's Corner 113 6 Eb Major.mid,81,1.5,Debussy
160.75,<music21.chord.Chord F#5 G#4 B2 F#3 G#3 B3 E-4>,"[0, 3, 5, 8]","[3, 6, 8, 11]",Children's Corner 113 6 Eb Major.mid,81,1.75,Debussy
161,<music21.chord.Chord E-5 F#4 B2 F#3 G#3 B3 E-4>,"[0, 3, 5, 8]","[3, 6, 8, 11]",Children's Corner 113 6 Eb Major.mid,81,2,Debussy
161.5,<music21.chord.Chord F4 E-5 B2 F#3 G#3 B3 E-4>,"[0, 2, 3, 5, 8]","[3, 5, 6, 8, 11]",Children's Corner 113 6 Eb Major.mid,81,2.5,Debussy
162,<music21.chord.Chord B-4 E-4>,"[0, 5]","[10, 3]",Children's Corner 113 6 Eb Major.mid,82,1,Debussy
162.25,<music21.chord.Chord C#5 E-4>,"[0, 2]","[1, 3]",Children's Corner 113 6 Eb Major.mid,82,1.25,Debussy
162.5,<music21.chord.Chord C#5 C#4>,[0],[1],Children's Corner 113 6 Eb Major.mid,82,1.5,Debussy
162.75,<music21.chord.Chord B4 C#4>,"[0, 2]","[11, 1]",Children's Corner 113 6 Eb Major.mid,82,1.75,Debussy
163,<music21.chord.Chord F4 B3>,"[0, 6]","[5, 11]",Children's Corner 113 6 Eb Major.mid,82,2,Debussy
163.375,<music21.chord.Chord F4 B-3>,"[0, 5]","[5, 10]",Children's Corner 113 6 Eb Major.mid,82,2.375,Debussy
163.625,<music21.chord.Chord F4 G#3 B-3>,"[0, 3, 5]","[5, 8, 10]",Children's Corner 113 6 Eb Major.mid,82,2.625,Debussy
163.75,<music21.chord.Chord F#4 G#3>,"[0, 2]","[6, 8]",Children's Corner 113 6 Eb Major.mid,82,2.75,Debussy
164,<music21.chord.Chord F#3 B3 E-4 B-2>,"[0, 1, 5, 8]","[10, 11, 3, 6]",Children's Corner 113 6 Eb Major.mid,83,1,Debussy
164.25,<music21.chord.Chord F#3 B3 E-4 C#3>,"[0, 2, 4, 7]","[11, 1, 3, 6]",Children's Corner 113 6 Eb Major.mid,83,1.25,Debussy
164.75,<music21.chord.Chord F#3 B3 E-4 B2>,"[0, 4, 7]","[11, 3, 6]",Children's Corner 113 6 Eb Major.mid,83,1.75,Debussy
165,<music21.chord.Chord F#3 B3 E-4 C#2>,"[0, 2, 4, 7]","[11, 1, 3, 6]",Children's Corner 113 6 Eb Major.mid,83,2,Debussy
166.25,<music21.chord.Chord F#3 B3 E-4 E-2>,"[0, 4, 7]","[11, 3, 6]",Children's Corner 113 6 Eb Major.mid,84,1.25,Debussy
166.75,<music21.chord.Chord F#3 B3 E-4 F2>,"[0, 4, 6, 7]","[11, 3, 5, 6]",Children's Corner 113 6 Eb Major.mid,84,1.75,Debussy
167,<music21.chord.Chord F#3 B3 E-4 E-2>,"[0, 4, 7]","[11, 3, 6]",Children's Corner 113 6 Eb Major.mid,84,2,Debussy
167.5,<music21.chord.Chord F#3 B3 E-4 C#2>,"[0, 2, 4, 7]","[11, 1, 3, 6]",Children's Corner 113 6 Eb Major.mid,84,2.5,Debussy
168.75,<music21.chord.Chord B-4 F#3 B3 E-4 C#2>,"[0, 1, 3, 5, 8]","[10, 11, 1, 3, 6]",Children's Corner 113 6 Eb Major.mid,85,1.75,Debussy
169,<music21.chord.Chord G#4 F#3 B3 E-4 C#2>,"[0, 2, 4, 7, 9]","[11, 1, 3, 6, 8]",Children's Corner 113 6 Eb Major.mid,85,2,Debussy
169.125,<music21.chord.Chord F#3 B3 E-4 C#2>,"[0, 2, 4, 7]","[11, 1, 3, 6]",Children's Corner 113 6 Eb Major.mid,85,2.125,Debussy
169.5,<music21.chord.Chord B-4 F#3 B3 E-4 C#2>,"[0, 1, 3, 5, 8]","[10, 11, 1, 3, 6]",Children's Corner 113 6 Eb Major.mid,85,2.5,Debussy
169.625,<music21.chord.Chord F#3 B3 E-4 C#2>,"[0, 2, 4, 7]","[11, 1, 3, 6]",Children's Corner 113 6 Eb Major.mid,85,2.625,Debussy
170.75,<music21.chord.Chord B-4 F#3 B3 E-4 C#2>,"[0, 1, 3, 5, 8]","[10, 11, 1, 3, 6]",Children's Corner 113 6 Eb Major.mid,86,1.75,Debussy
171,<music21.chord.Chord G#4 F#3 B3 E-4 C#2>,"[0, 2, 4, 7, 9]","[11, 1, 3, 6, 8]",Children's Corner 113 6 Eb Major.mid,86,2,Debussy
171.125,<music21.chord.Chord F#3 B3 E-4 C#2>,"[0, 2, 4, 7]","[11, 1, 3, 6]",Children's Corner 113 6 Eb Major.mid,86,2.125,Debussy
171.5,<music21.chord.Chord B-4 F#3 B3 E-4 C#2>,"[0, 1, 3, 5, 8]","[10, 11, 1, 3, 6]",Children's Corner 113 6 Eb Major.mid,86,2.5,Debussy
171.625,<music21.chord.Chord F#3 B3 E-4 C#2>,"[0, 2, 4, 7]","[11, 1, 3, 6]",Children's Corner 113 6 Eb Major.mid,86,2.625,Debussy
172,<music21.chord.Chord B3 C#4 F#3 B-2>,"[0, 4, 5, 7]","[6, 10, 11, 1]",Children's Corner 113 6 Eb Major.mid,87,1,Debussy
172.25,<music21.chord.Chord B3 C#4 F#3 C#3>,"[0, 2, 7]","[11, 1, 6]",Children's Corner 113 6 Eb Major.mid,87,1.25,Debussy
172.75,<music21.chord.Chord B3 C#4 F#3 B-2>,"[0, 4, 5, 7]","[6, 10, 11, 1]",Children's Corner 113 6 Eb Major.mid,87,1.75,Debussy
173,<music21.chord.Chord B3 C#4 F#3 C#2>,"[0, 2, 7]","[11, 1, 6]",Children's Corner 113 6 Eb Major.mid,87,2,Debussy
173.25,<music21.chord.Chord B3 C#4 F#3 E-2>,"[0, 2, 4, 7]","[11, 1, 3, 6]",Children's Corner 113 6 Eb Major.mid,87,2.25,Debussy
173.75,<music21.chord.Chord B3 C#4 F#3 F2>,"[0, 2, 6, 7]","[11, 1, 5, 6]",Children's Corner 113 6 Eb Major.mid,87,2.75,Debussy
174,<music21.chord.Chord F3 B3 C#4 E-2>,"[0, 2, 4, 6]","[11, 1, 3, 5]",Children's Corner 113 6 Eb Major.mid,88,1,Debussy
174.5,<music21.chord.Chord B3 C#4 F3 C#2>,"[0, 2, 6]","[11, 1, 5]",Children's Corner 113 6 Eb Major.mid,88,1.5,Debussy
174.75,<music21.chord.Chord B-4 B3 C#4 F3 C#2>,"[0, 1, 3, 7]","[10, 11, 1, 5]",Children's Corner 113 6 Eb Major.mid,88,1.75,Debussy
175,<music21.chord.Chord G#4 B3 C#4 F3 C#2>,"[0, 3, 6, 8]","[5, 8, 11, 1]",Children's Corner 113 6 Eb Major.mid,88,2,Debussy
175.5,<music21.chord.Chord B-4 B3 C#4 F3 C#2>,"[0, 1, 3, 7]","[10, 11, 1, 5]",Children's Corner 113 6 Eb Major.mid,88,2.5,Debussy
176,<music21.chord.Chord B3 C#4 F3 C#2>,"[0, 2, 6]","[11, 1, 5]",Children's Corner 113 6 Eb Major.mid,89,1,Debussy
176.75,<music21.chord.Chord B-4 B3 C#4 F3 C#2>,"[0, 1, 3, 7]","[10, 11, 1, 5]",Children's Corner 113 6 Eb Major.mid,89,1.75,Debussy
177,<music21.chord.Chord G#4 B3 C#4 F3 C#2>,"[0, 3, 6, 8]","[5, 8, 11, 1]",Children's Corner 113 6 Eb Major.mid,89,2,Debussy
177.5,<music21.chord.Chord B-4 B3 C#4 F3 C#2>,"[0, 1, 3, 7]","[10, 11, 1, 5]",Children's Corner 113 6 Eb Major.mid,89,2.5,Debussy
178,<music21.chord.Chord B-4>,[0],[10],Children's Corner 113 6 Eb Major.mid,90,1,Debussy
178.25,<music21.chord.Chord G#4>,[0],[8],Children's Corner 113 6 Eb Major.mid,90,1.25,Debussy
178.75,<music21.chord.Chord B-4>,[0],[10],Children's Corner 113 6 Eb Major.mid,90,1.75,Debussy
179,<music21.chord.Chord F4>,[0],[5],Children's Corner 113 6 Eb Major.mid,90,2,Debussy
179.5,<music21.chord.Chord B-4>,[0],[10],Children's Corner 113 6 Eb Major.mid,90,2.5,Debussy
180,<music21.chord.Chord G#4>,[0],[8],Children's Corner 113 6 Eb Major.mid,91,1,Debussy
180.25,<music21.chord.Chord F4>,[0],[5],Children's Corner 113 6 Eb Major.mid,91,1.25,Debussy
180.75,<music21.chord.Chord E-4>,[0],[3],Children's Corner 113 6 Eb Major.mid,91,1.75,Debussy
181,<music21.chord.Chord B3>,[0],[11],Children's Corner 113 6 Eb Major.mid,91,2,Debussy
181.5,<music21.chord.Chord E-4>,[0],[3],Children's Corner 113 6 Eb Major.mid,91,2.5,Debussy
182,<music21.chord.Chord B-3 E-2 B-2>,"[0, 5]","[10, 3]",Children's Corner 113 6 Eb Major.mid,92,1,Debussy
182.125,<music21.chord.Chord B-3>,[0],[10],Children's Corner 113 6 Eb Major.mid,92,1.125,Debussy
182.25,<music21.chord.Chord B-3>,[0],[10],Children's Corner 113 6 Eb Major.mid,92,1.25,Debussy
182.5,<music21.chord.Chord F3 G3>,"[0, 2]","[5, 7]",Children's Corner 113 6 Eb Major.mid,92,1.5,Debussy
182.75,<music21.chord.Chord C4>,[0],[0],Children's Corner 113 6 Eb Major.mid,92,1.75,Debussy
183,<music21.chord.Chord B-3 E-2 B-2>,"[0, 5]","[10, 3]",Children's Corner 113 6 Eb Major.mid,92,2,Debussy
183.125,<music21.chord.Chord B-3>,[0],[10],Children's Corner 113 6 Eb Major.mid,92,2.125,Debussy
183.5,<music21.chord.Chord E-4 B-4 F3 G3>,"[0, 2, 4, 7]","[3, 5, 7, 10]",Children's Corner 113 6 Eb Major.mid,92,2.5,Debussy
184,<music21.chord.Chord B-3 E-2 B-2>,"[0, 5]","[10, 3]",Children's Corner 113 6 Eb Major.mid,93,1,Debussy
184.125,<music21.chord.Chord B-3>,[0],[10],Children's Corner 113 6 Eb Major.mid,93,1.125,Debussy
184.5,<music21.chord.Chord B-3 F3 G3>,"[0, 2, 5]","[5, 7, 10]",Children's Corner 113 6 Eb Major.mid,93,1.5,Debussy
184.625,<music21.chord.Chord B-3>,[0],[10],Children's Corner 113 6 Eb Major.mid,93,1.625,Debussy
185,<music21.chord.Chord B-3 E-2 B-2>,"[0, 5]","[10, 3]",Children's Corner 113 6 Eb Major.mid,93,2,Debussy
185.125,<music21.chord.Chord B-3>,[0],[10],Children's Corner 113 6 Eb Major.mid,93,2.125,Debussy
185.5,<music21.chord.Chord B-3 F3 G3>,"[0, 2, 5]","[5, 7, 10]",Children's Corner 113 6 Eb Major.mid,93,2.5,Debussy
185.625,<music21.chord.Chord B-3>,[0],[10],Children's Corner 113 6 Eb Major.mid,93,2.625,Debussy
186,<music21.chord.Chord B-3 E-2 B-2>,"[0, 5]","[10, 3]",Children's Corner 113 6 Eb Major.mid,94,1,Debussy
186.125,<music21.chord.Chord B-3>,[0],[10],Children's Corner 113 6 Eb Major.mid,94,1.125,Debussy
186.25,<music21.chord.Chord G#3>,[0],[8],Children's Corner 113 6 Eb Major.mid,94,1.25,Debussy
186.5,<music21.chord.Chord G#3 E-3 F3>,"[0, 2, 5]","[3, 5, 8]",Children's Corner 113 6 Eb Major.mid,94,1.5,Debussy
186.625,<music21.chord.Chord G#3>,[0],[8],Children's Corner 113 6 Eb Major.mid,94,1.625,Debussy
186.75,<music21.chord.Chord B-3>,[0],[10],Children's Corner 113 6 Eb Major.mid,94,1.75,Debussy
187,<music21.chord.Chord C4 E-2 B-2>,"[0, 2, 5]","[10, 0, 3]",Children's Corner 113 6 Eb Major.mid,94,2,Debussy
187.5,<music21.chord.Chord G#3 E-3 F3>,"[0, 2, 5]","[3, 5, 8]",Children's Corner 113 6 Eb Major.mid,94,2.5,Debussy
188,<music21.chord.Chord B-3 E-2 B-2>,"[0, 5]","[10, 3]",Children's Corner 113 6 Eb Major.mid,95,1,Debussy
188.125,<music21.chord.Chord B-3>,[0],[10],Children's Corner 113 6 Eb Major.mid,95,1.125,Debussy
188.25,<music21.chord.Chord G#3>,[0],[8],Children's Corner 113 6 Eb Major.mid,95,1.25,Debussy
188.5,<music21.chord.Chord G#3 E-3 F3>,"[0, 2, 5]","[3, 5, 8]",Children's Corner 113 6 Eb Major.mid,95,1.5,Debussy
188.625,<music21.chord.Chord G#3>,[0],[8],Children's Corner 113 6 Eb Major.mid,95,1.625,Debussy
188.75,<music21.chord.Chord B-3>,[0],[10],Children's Corner 113 6 Eb Major.mid,95,1.75,Debussy
189,<music21.chord.Chord B3 E-2 B-2>,"[0, 1, 5]","[10, 11, 3]",Children's Corner 113 6 Eb Major.mid,95,2,Debussy
189.5,<music21.chord.Chord G#3 E-3 F3>,"[0, 2, 5]","[3, 5, 8]",Children's Corner 113 6 Eb Major.mid,95,2.5,Debussy
190,<music21.chord.Chord B-3 B-2>,[0],[10],Children's Corner 113 6 Eb Major.mid,96,1,Debussy
190.25,<music21.chord.Chord G3 G2>,[0],[7],Children's Corner 113 6 Eb Major.mid,96,1.25,Debussy
190.75,<music21.chord.Chord F3 F2>,[0],[5],Children's Corner 113 6 Eb Major.mid,96,1.75,Debussy
191,<music21.chord.Chord E-3 E-2>,[0],[3],Children's Corner 113 6 Eb Major.mid,96,2,Debussy
191.5,<music21.chord.Chord D3 D2>,[0],[2],Children's Corner 113 6 Eb Major.mid,96,2.5,Debussy
192,<music21.chord.Chord C3 C2>,[0],[0],Children's Corner 113 6 Eb Major.mid,97,1,Debussy
192.5,<music21.chord.Chord G2 G1>,[0],[7],Children's Corner 113 6 Eb Major.mid,97,1.5,Debussy
193,<music21.chord.Chord C3 C2>,[0],[0],Children's Corner 113 6 Eb Major.mid,97,2,Debussy
193.5,<music21.chord.Chord D3 D2>,[0],[2],Children's Corner 113 6 Eb Major.mid,97,2.5,Debussy
194,<music21.chord.Chord B-4 E-2 B-2>,"[0, 5]","[10, 3]",Children's Corner 113 6 Eb Major.mid,98,1,Debussy
194.125,<music21.chord.Chord B-4>,[0],[10],Children's Corner 113 6 Eb Major.mid,98,1.125,Debussy
194.25,<music21.chord.Chord G#4>,[0],[8],Children's Corner 113 6 Eb Major.mid,98,1.25,Debussy
194.5,<music21.chord.Chord B3 E-4 G#4 F3 G#3>,"[0, 2, 5, 8]","[3, 5, 8, 11]",Children's Corner 113 6 Eb Major.mid,98,1.5,Debussy
194.625,<music21.chord.Chord G#4 B3 E-4>,"[0, 3, 7]","[8, 11, 3]",Children's Corner 113 6 Eb Major.mid,98,1.625,Debussy
194.75,<music21.chord.Chord B-4 B3 E-4>,"[0, 1, 5]","[10, 11, 3]",Children's Corner 113 6 Eb Major.mid,98,1.75,Debussy
195,<music21.chord.Chord F4 E-2 B-2>,"[0, 2, 7]","[3, 5, 10]",Children's Corner 113 6 Eb Major.mid,98,2,Debussy
195.5,<music21.chord.Chord B-4 B3 E-4 F3 G#3>,"[0, 2, 5, 7, 8]","[3, 5, 8, 10, 11]",Children's Corner 113 6 Eb Major.mid,98,2.5,Debussy
195.625,<music21.chord.Chord B3 E-4>,"[0, 4]","[11, 3]",Children's Corner 113 6 Eb Major.mid,98,2.625,Debussy
196,<music21.chord.Chord G#4 E-2 B-2>,"[0, 2, 7]","[8, 10, 3]",Children's Corner 113 6 Eb Major.mid,99,1,Debussy
196.125,<music21.chord.Chord G#4>,[0],[8],Children's Corner 113 6 Eb Major.mid,99,1.125,Debussy
196.25,<music21.chord.Chord F4>,[0],[5],Children's Corner 113 6 Eb Major.mid,99,1.25,Debussy
196.5,<music21.chord.Chord B3 F4 F3 G#3>,"[0, 3, 6]","[5, 8, 11]",Children's Corner 113 6 Eb Major.mid,99,1.5,Debussy
196.625,<music21.chord.Chord F4 B3>,"[0, 6]","[5, 11]",Children's Corner 113 6 Eb Major.mid,99,1.625,Debussy
196.75,<music21.chord.Chord E-4 B3>,"[0, 4]","[11, 3]",Children's Corner 113 6 Eb Major.mid,99,1.75,Debussy
197,<music21.chord.Chord B3 E-2 B-2>,"[0, 1, 5]","[10, 11, 3]",Children's Corner 113 6 Eb Major.mid,99,2,Debussy
197.5,<music21.chord.Chord E-4 B3 F3 G#3>,"[0, 2, 5, 8]","[3, 5, 8, 11]",Children's Corner 113 6 Eb Major.mid,99,2.5,Debussy
197.625,<music21.chord.Chord B3>,[0],[11],Children's Corner 113 6 Eb Major.mid,99,2.625,Debussy
198,<music21.chord.Chord B-3 E-2 B-2>,"[0, 5]","[10, 3]",Children's Corner 113 6 Eb Major.mid,100,1,Debussy
198.125,<music21.chord.Chord B-3>,[0],[10],Children's Corner 113 6 Eb Major.mid,100,1.125,Debussy
198.25,<music21.chord.Chord B-3>,[0],[10],Children's Corner 113 6 Eb Major.mid,100,1.25,Debussy
198.5,<music21.chord.Chord F3 G3>,"[0, 2]","[5, 7]",Children's Corner 113 6 Eb Major.mid,100,1.5,Debussy
198.75,<music21.chord.Chord C4>,[0],[0],Children's Corner 113 6 Eb Major.mid,100,1.75,Debussy
199,<music21.chord.Chord B-3 E-2 B-2>,"[0, 5]","[10, 3]",Children's Corner 113 6 Eb Major.mid,100,2,Debussy
199.125,<music21.chord.Chord B-3>,[0],[10],Children's Corner 113 6 Eb Major.mid,100,2.125,Debussy
199.5,<music21.chord.Chord E-4 B-4 F3 G3>,"[0, 2, 4, 7]","[3, 5, 7, 10]",Children's Corner 113 6 Eb Major.mid,100,2.5,Debussy
200,<music21.chord.Chord B-3 E-2 B-2>,"[0, 5]","[10, 3]",Children's Corner 113 6 Eb Major.mid,101,1,Debussy
200.125,<music21.chord.Chord B-3>,[0],[10],Children's Corner 113 6 Eb Major.mid,101,1.125,Debussy
200.5,<music21.chord.Chord B-3 F3 G3>,"[0, 2, 5]","[5, 7, 10]",Children's Corner 113 6 Eb Major.mid,101,1.5,Debussy
200.625,<music21.chord.Chord B-3>,[0],[10],Children's Corner 113 6 Eb Major.mid,101,1.625,Debussy
201,<music21.chord.Chord B-3 E-2 B-2>,"[0, 5]","[10, 3]",Children's Corner 113 6 Eb Major.mid,101,2,Debussy
201.125,<music21.chord.Chord B-3>,[0],[10],Children's Corner 113 6 Eb Major.mid,101,2.125,Debussy
201.5,<music21.chord.Chord B-3 F3 G3>,"[0, 2, 5]","[5, 7, 10]",Children's Corner 113 6 Eb Major.mid,101,2.5,Debussy
201.625,<music21.chord.Chord B-3>,[0],[10],Children's Corner 113 6 Eb Major.mid,101,2.625,Debussy
202,<music21.chord.Chord B-3 F#2 C#3>,"[0, 4, 7]","[6, 10, 1]",Children's Corner 113 6 Eb Major.mid,102,1,Debussy
202.125,<music21.chord.Chord B-3>,[0],[10],Children's Corner 113 6 Eb Major.mid,102,1.125,Debussy
202.25,<music21.chord.Chord B-3>,[0],[10],Children's Corner 113 6 Eb Major.mid,102,1.25,Debussy
202.5,<music21.chord.Chord C#3 F#3 G#3>,"[0, 2, 7]","[6, 8, 1]",Children's Corner 113 6 Eb Major.mid,102,1.5,Debussy
202.75,<music21.chord.Chord C4>,[0],[0],Children's Corner 113 6 Eb Major.mid,102,1.75,Debussy
203,<music21.chord.Chord B-3 F#2 C#3>,"[0, 4, 7]","[6, 10, 1]",Children's Corner 113 6 Eb Major.mid,102,2,Debussy
203.5,<music21.chord.Chord C#4 C#3 F#3 A3>,"[0, 3, 7]","[6, 9, 1]",Children's Corner 113 6 Eb Major.mid,102,2.5,Debussy
204,<music21.chord.Chord E-4 F#2 C#3>,"[0, 2, 5]","[1, 3, 6]",Children's Corner 113 6 Eb Major.mid,103,1,Debussy
204.5,<music21.chord.Chord F4 C#3 F#3 B-3>,"[0, 1, 5, 8]","[5, 6, 10, 1]",Children's Corner 113 6 Eb Major.mid,103,1.5,Debussy
205,<music21.chord.Chord E-4 F#2 C#3>,"[0, 2, 5]","[1, 3, 6]",Children's Corner 113 6 Eb Major.mid,103,2,Debussy
205.5,<music21.chord.Chord F#4 C#3 F#3 B3>,"[0, 2, 7]","[11, 1, 6]",Children's Corner 113 6 Eb Major.mid,103,2.5,Debussy
206,<music21.chord.Chord F4>,[0],[5],Children's Corner 113 6 Eb Major.mid,104,1,Debussy
206.25,<music21.chord.Chord F4>,[0],[5],Children's Corner 113 6 Eb Major.mid,104,1.25,Debussy
206.5,<music21.chord.Chord C#4 E4>,"[0, 3]","[1, 4]",Children's Corner 113 6 Eb Major.mid,104,1.5,Debussy
206.75,<music21.chord.Chord G4 C#4 E4>,"[0, 3, 6]","[1, 4, 7]",Children's Corner 113 6 Eb Major.mid,104,1.75,Debussy
207,<music21.chord.Chord F4 C4 E-4>,"[0, 3, 5]","[0, 3, 5]",Children's Corner 113 6 Eb Major.mid,104,2,Debussy
207.5,<music21.chord.Chord G4 D5 F3 A3 E-4>,"[0, 1, 3, 5, 7]","[2, 3, 5, 7, 9]",Children's Corner 113 6 Eb Major.mid,104,2.5,Debussy
208,<music21.chord.Chord D4 B-4 B-2 F3 B-3>,"[0, 4, 7]","[10, 2, 5]",Children's Corner 113 6 Eb Major.mid,105,1,Debussy
209,<music21.chord.Chord B-5 B-6 B-1 B-2>,[0],[10],Children's Corner 113 6 Eb Major.mid,105,2,Debussy
210,<music21.chord.Chord C4 E-4 G#3 B-3>,"[0, 2, 4, 7]","[8, 10, 0, 3]",Children's Corner 113 6 Eb Major.mid,106,1,Debussy
210.125,<music21.chord.Chord C4 E-4>,"[0, 3]","[0, 3]",Children's Corner 113 6 Eb Major.mid,106,1.125,Debussy
210.25,<music21.chord.Chord D4 F4>,"[0, 3]","[2, 5]",Children's Corner 113 6 Eb Major.mid,106,1.25,Debussy
210.5,<music21.chord.Chord D4 F4 G#4 B-4>,"[0, 3, 6, 8]","[2, 5, 8, 10]",Children's Corner 113 6 Eb Major.mid,106,1.5,Debussy
210.625,<music21.chord.Chord D4 F4>,"[0, 3]","[2, 5]",Children's Corner 113 6 Eb Major.mid,106,1.625,Debussy
210.75,<music21.chord.Chord E-4 G4>,"[0, 4]","[3, 7]",Children's Corner 113 6 Eb Major.mid,106,1.75,Debussy
211,<music21.chord.Chord D4 F4 G#3 B-3>,"[0, 3, 6, 8]","[2, 5, 8, 10]",Children's Corner 113 6 Eb Major.mid,106,2,Debussy
211.5,<music21.chord.Chord C4 E-4 G#4 B-4>,"[0, 2, 4, 7]","[8, 10, 0, 3]",Children's Corner 113 6 Eb Major.mid,106,2.5,Debussy
212,<music21.chord.Chord D4 F4 G#3 B-3>,"[0, 3, 6, 8]","[2, 5, 8, 10]",Children's Corner 113 6 Eb Major.mid,107,1,Debussy
212.125,<music21.chord.Chord D4 F4>,"[0, 3]","[2, 5]",Children's Corner 113 6 Eb Major.mid,107,1.125,Debussy
212.5,<music21.chord.Chord D4 F4 G#4 B-4>,"[0, 3, 6, 8]","[2, 5, 8, 10]",Children's Corner 113 6 Eb Major.mid,107,1.5,Debussy
212.625,<music21.chord.Chord D4 F4>,"[0, 3]","[2, 5]",Children's Corner 113 6 Eb Major.mid,107,1.625,Debussy
213,<music21.chord.Chord B-6 B-5 D4 F4 G#3 B-3>,"[0, 3, 6, 8]","[2, 5, 8, 10]",Children's Corner 113 6 Eb Major.mid,107,2,Debussy
213.125,<music21.chord.Chord D4 F4 B-6 B-5>,"[0, 4, 7]","[10, 2, 5]",Children's Corner 113 6 Eb Major.mid,107,2.125,Debussy
213.5,<music21.chord.Chord D4 F4 G#4 B-4>,"[0, 3, 6, 8]","[2, 5, 8, 10]",Children's Corner 113 6 Eb Major.mid,107,2.5,Debussy
213.625,<music21.chord.Chord D4 F4>,"[0, 3]","[2, 5]",Children's Corner 113 6 Eb Major.mid,107,2.625,Debussy
214,<music21.chord.Chord C4 E-4 G3 B-3>,"[0, 3, 5, 8]","[7, 10, 0, 3]",Children's Corner 113 6 Eb Major.mid,108,1,Debussy
214.125,<music21.chord.Chord C4 E-4>,"[0, 3]","[0, 3]",Children's Corner 113 6 Eb Major.mid,108,1.125,Debussy
214.25,<music21.chord.Chord D4 F4>,"[0, 3]","[2, 5]",Children's Corner 113 6 Eb Major.mid,108,1.25,Debussy
214.5,<music21.chord.Chord D4 F4 G4 B-4>,"[0, 3, 5, 8]","[2, 5, 7, 10]",Children's Corner 113 6 Eb Major.mid,108,1.5,Debussy
214.625,<music21.chord.Chord D4 F4>,"[0, 3]","[2, 5]",Children's Corner 113 6 Eb Major.mid,108,1.625,Debussy
214.75,<music21.chord.Chord E-4 G4>,"[0, 4]","[3, 7]",Children's Corner 113 6 Eb Major.mid,108,1.75,Debussy
215,<music21.chord.Chord D4 F4 G3 B-3>,"[0, 3, 5, 8]","[2, 5, 7, 10]",Children's Corner 113 6 Eb Major.mid,108,2,Debussy
215.5,<music21.chord.Chord C4 E-4 G4 B-4>,"[0, 3, 5, 8]","[7, 10, 0, 3]",Children's Corner 113 6 Eb Major.mid,108,2.5,Debussy
216,<music21.chord.Chord D4 F4 G3 B-3>,"[0, 3, 5, 8]","[2, 5, 7, 10]",Children's Corner 113 6 Eb Major.mid,109,1,Debussy
216.5,<music21.chord.Chord C4 E-4 G4 B-4>,"[0, 3, 5, 8]","[7, 10, 0, 3]",Children's Corner 113 6 Eb Major.mid,109,1.5,Debussy
216.625,<music21.chord.Chord C4 E-4>,"[0, 3]","[0, 3]",Children's Corner 113 6 Eb Major.mid,109,1.625,Debussy
217,<music21.chord.Chord D4 F4 G3 B-3>,"[0, 3, 5, 8]","[2, 5, 7, 10]",Children's Corner 113 6 Eb Major.mid,109,2,Debussy
217.5,<music21.chord.Chord G4 B-4 C5 E-4>,"[0, 3, 5, 8]","[7, 10, 0, 3]",Children's Corner 113 6 Eb Major.mid,109,2.5,Debussy
218,<music21.chord.Chord A3 C#4 E4 B2>,"[0, 2, 4, 7]","[9, 11, 1, 4]",Children's Corner 113 6 Eb Major.mid,110,1,Debussy
218.25,<music21.chord.Chord A3 C#4 E4 C#3>,"[0, 4, 7]","[9, 1, 4]",Children's Corner 113 6 Eb Major.mid,110,1.25,Debussy
218.75,<music21.chord.Chord A3 C#4 E4 E-3>,"[0, 4, 6, 7]","[9, 1, 3, 4]",Children's Corner 113 6 Eb Major.mid,110,1.75,Debussy
219,<music21.chord.Chord A3 C#4 E4 C#3>,"[0, 4, 7]","[9, 1, 4]",Children's Corner 113 6 Eb Major.mid,110,2,Debussy
219.125,<music21.chord.Chord A3 C#4 E4>,"[0, 4, 7]","[9, 1, 4]",Children's Corner 113 6 Eb Major.mid,110,2.125,Debussy
219.5,<music21.chord.Chord A3 C#4 E4 B2>,"[0, 2, 4, 7]","[9, 11, 1, 4]",Children's Corner 113 6 Eb Major.mid,110,2.5,Debussy
219.625,<music21.chord.Chord A3 C#4 E4>,"[0, 4, 7]","[9, 1, 4]",Children's Corner 113 6 Eb Major.mid,110,2.625,Debussy
220,<music21.chord.Chord G#3 C4 F4 B-2>,"[0, 3, 5, 7]","[5, 8, 10, 0]",Children's Corner 113 6 Eb Major.mid,111,1,Debussy
220.25,<music21.chord.Chord G#3 C4 F4 C3>,"[0, 3, 7]","[5, 8, 0]",Children's Corner 113 6 Eb Major.mid,111,1.25,Debussy
220.75,<music21.chord.Chord G#3 C4 F4 D3>,"[0, 2, 5, 8]","[0, 2, 5, 8]",Children's Corner 113 6 Eb Major.mid,111,1.75,Debussy
221,<music21.chord.Chord G#3 C4 F4 C3>,"[0, 3, 7]","[5, 8, 0]",Children's Corner 113 6 Eb Major.mid,111,2,Debussy
221.125,<music21.chord.Chord G#3 C4 F4>,"[0, 3, 7]","[5, 8, 0]",Children's Corner 113 6 Eb Major.mid,111,2.125,Debussy
221.5,<music21.chord.Chord G#3 C4 F4 B-2>,"[0, 3, 5, 7]","[5, 8, 10, 0]",Children's Corner 113 6 Eb Major.mid,111,2.5,Debussy
221.625,<music21.chord.Chord G#3 C4 F4>,"[0, 3, 7]","[5, 8, 0]",Children's Corner 113 6 Eb Major.mid,111,2.625,Debussy
222,<music21.chord.Chord G3 B-3 F3 B-2>,"[0, 2, 5]","[5, 7, 10]",Children's Corner 113 6 Eb Major.mid,112,1,Debussy
222.25,<music21.chord.Chord G3 B-3 F3 C3>,"[0, 2, 5, 7]","[5, 7, 10, 0]",Children's Corner 113 6 Eb Major.mid,112,1.25,Debussy
222.75,<music21.chord.Chord G3 B-3 F3 D3>,"[0, 3, 5, 8]","[2, 5, 7, 10]",Children's Corner 113 6 Eb Major.mid,112,1.75,Debussy
223,<music21.chord.Chord G3 B-3 F3 C3>,"[0, 2, 5, 7]","[5, 7, 10, 0]",Children's Corner 113 6 Eb Major.mid,112,2,Debussy
223.125,<music21.chord.Chord G3 B-3 F3>,"[0, 2, 5]","[5, 7, 10]",Children's Corner 113 6 Eb Major.mid,112,2.125,Debussy
223.5,<music21.chord.Chord G3 B-3 F3 B-2>,"[0, 2, 5]","[5, 7, 10]",Children's Corner 113 6 Eb Major.mid,112,2.5,Debussy
223.625,<music21.chord.Chord G3 B-3 F3>,"[0, 2, 5]","[5, 7, 10]",Children's Corner 113 6 Eb Major.mid,112,2.625,Debussy
224,<music21.chord.Chord E-3 G3 B-3>,"[0, 4, 7]","[3, 7, 10]",Children's Corner 113 6 Eb Major.mid,113,1,Debussy
224.25,<music21.chord.Chord G3 B-3 E-3 B-1 B-2>,"[0, 4, 7]","[3, 7, 10]",Children's Corner 113 6 Eb Major.mid,113,1.25,Debussy
224.5,<music21.chord.Chord C3 G3 B-3 E-3 C2>,"[0, 3, 5, 8]","[7, 10, 0, 3]",Children's Corner 113 6 Eb Major.mid,113,1.5,Debussy
224.75,<music21.chord.Chord D3 G3 B-3 E-3 D2>,"[0, 1, 5, 8]","[2, 3, 7, 10]",Children's Corner 113 6 Eb Major.mid,113,1.75,Debussy
225,<music21.chord.Chord C3 G3 B-3 E-3 C2>,"[0, 3, 5, 8]","[7, 10, 0, 3]",Children's Corner 113 6 Eb Major.mid,113,2,Debussy
225.125,<music21.chord.Chord G3 B-3 E-3>,"[0, 4, 7]","[3, 7, 10]",Children's Corner 113 6 Eb Major.mid,113,2.125,Debussy
225.5,<music21.chord.Chord G3 B-3 E-3 B-0 B-1>,"[0, 4, 7]","[3, 7, 10]",Children's Corner 113 6 Eb Major.mid,113,2.5,Debussy
225.625,<music21.chord.Chord G3 B-3 E-3>,"[0, 4, 7]","[3, 7, 10]",Children's Corner 113 6 Eb Major.mid,113,2.625,Debussy
226,<music21.chord.Chord C4 E-4 G#3 B-3>,"[0, 2, 4, 7]","[8, 10, 0, 3]",Children's Corner 113 6 Eb Major.mid,114,1,Debussy
226.125,<music21.chord.Chord C4 E-4>,"[0, 3]","[0, 3]",Children's Corner 113 6 Eb Major.mid,114,1.125,Debussy
226.25,<music21.chord.Chord D4 F4>,"[0, 3]","[2, 5]",Children's Corner 113 6 Eb Major.mid,114,1.25,Debussy
226.5,<music21.chord.Chord D4 F4 G#4 B-4>,"[0, 3, 6, 8]","[2, 5, 8, 10]",Children's Corner 113 6 Eb Major.mid,114,1.5,Debussy
226.625,<music21.chord.Chord D4 F4>,"[0, 3]","[2, 5]",Children's Corner 113 6 Eb Major.mid,114,1.625,Debussy
226.75,<music21.chord.Chord E-4 G4>,"[0, 4]","[3, 7]",Children's Corner 113 6 Eb Major.mid,114,1.75,Debussy
227,<music21.chord.Chord D4 F4 G#3 B-3>,"[0, 3, 6, 8]","[2, 5, 8, 10]",Children's Corner 113 6 Eb Major.mid,114,2,Debussy
227.5,<music21.chord.Chord C4 E-4 G#4 B-4>,"[0, 2, 4, 7]","[8, 10, 0, 3]",Children's Corner 113 6 Eb Major.mid,114,2.5,Debussy
228,<music21.chord.Chord D4 F4 G#3 B-3>,"[0, 3, 6, 8]","[2, 5, 8, 10]",Children's Corner 113 6 Eb Major.mid,115,1,Debussy
228.125,<music21.chord.Chord D4 F4>,"[0, 3]","[2, 5]",Children's Corner 113 6 Eb Major.mid,115,1.125,Debussy
228.5,<music21.chord.Chord D4 F4 G#4 B-4>,"[0, 3, 6, 8]","[2, 5, 8, 10]",Children's Corner 113 6 Eb Major.mid,115,1.5,Debussy
228.625,<music21.chord.Chord D4 F4>,"[0, 3]","[2, 5]",Children's Corner 113 6 Eb Major.mid,115,1.625,Debussy
229,<music21.chord.Chord B-6 B-5 D4 F4 G#3 B-3>,"[0, 3, 6, 8]","[2, 5, 8, 10]",Children's Corner 113 6 Eb Major.mid,115,2,Debussy
229.125,<music21.chord.Chord D4 F4 B-6 B-5>,"[0, 4, 7]","[10, 2, 5]",Children's Corner 113 6 Eb Major.mid,115,2.125,Debussy
229.5,<music21.chord.Chord D4 F4 G#4 B-4>,"[0, 3, 6, 8]","[2, 5, 8, 10]",Children's Corner 113 6 Eb Major.mid,115,2.5,Debussy
229.625,<music21.chord.Chord D4 F4>,"[0, 3]","[2, 5]",Children's Corner 113 6 Eb Major.mid,115,2.625,Debussy
230,<music21.chord.Chord C4 E-4 G3 B-3>,"[0, 3, 5, 8]","[7, 10, 0, 3]",Children's Corner 113 6 Eb Major.mid,116,1,Debussy
230.125,<music21.chord.Chord C4 E-4>,"[0, 3]","[0, 3]",Children's Corner 113 6 Eb Major.mid,116,1.125,Debussy
230.25,<music21.chord.Chord D4 F4>,"[0, 3]","[2, 5]",Children's Corner 113 6 Eb Major.mid,116,1.25,Debussy
230.5,<music21.chord.Chord D4 F4 G4 B-4>,"[0, 3, 5, 8]","[2, 5, 7, 10]",Children's Corner 113 6 Eb Major.mid,116,1.5,Debussy
230.625,<music21.chord.Chord D4 F4>,"[0, 3]","[2, 5]",Children's Corner 113 6 Eb Major.mid,116,1.625,Debussy
230.75,<music21.chord.Chord E-4 G4>,"[0, 4]","[3, 7]",Children's Corner 113 6 Eb Major.mid,116,1.75,Debussy
231,<music21.chord.Chord D4 F4 G3 B-3>,"[0, 3, 5, 8]","[2, 5, 7, 10]",Children's Corner 113 6 Eb Major.mid,116,2,Debussy
231.5,<music21.chord.Chord C4 E-4 G4 B-4>,"[0, 3, 5, 8]","[7, 10, 0, 3]",Children's Corner 113 6 Eb Major.mid,116,2.5,Debussy
232,<music21.chord.Chord D4 F4 G3 B-3>,"[0, 3, 5, 8]","[2, 5, 7, 10]",Children's Corner 113 6 Eb Major.mid,117,1,Debussy
232.5,<music21.chord.Chord C4 E-4 G4 B-4>,"[0, 3, 5, 8]","[7, 10, 0, 3]",Children's Corner 113 6 Eb Major.mid,117,1.5,Debussy
232.625,<music21.chord.Chord C4 E-4>,"[0, 3]","[0, 3]",Children's Corner 113 6 Eb Major.mid,117,1.625,Debussy
233,<music21.chord.Chord D4 F4 G3 B-3>,"[0, 3, 5, 8]","[2, 5, 7, 10]",Children's Corner 113 6 Eb Major.mid,117,2,Debussy
233.5,<music21.chord.Chord G4 B-4 C5 E-4>,"[0, 3, 5, 8]","[7, 10, 0, 3]",Children's Corner 113 6 Eb Major.mid,117,2.5,Debussy
234,<music21.chord.Chord B-5 B4 E-5 B-4 B3 E-4>,"[0, 1, 5]","[10, 11, 3]",Children's Corner 113 6 Eb Major.mid,118,1,Debussy
234.25,<music21.chord.Chord G#5 B4 E-5 G#4 B3 E-4>,"[0, 3, 7]","[8, 11, 3]",Children's Corner 113 6 Eb Major.mid,118,1.25,Debussy
234.75,<music21.chord.Chord B-5 B4 E-5 B-4 B3 E-4>,"[0, 1, 5]","[10, 11, 3]",Children's Corner 113 6 Eb Major.mid,118,1.75,Debussy
235,<music21.chord.Chord F5 B4 E-5 F4 B3 E-4>,"[0, 4, 6]","[11, 3, 5]",Children's Corner 113 6 Eb Major.mid,118,2,Debussy
235.5,<music21.chord.Chord B-5 B4 E-5 B-4 B3 E-4>,"[0, 1, 5]","[10, 11, 3]",Children's Corner 113 6 Eb Major.mid,118,2.5,Debussy
236,<music21.chord.Chord G#5 B4 E-5 G#4 B3 E-4>,"[0, 3, 7]","[8, 11, 3]",Children's Corner 113 6 Eb Major.mid,119,1,Debussy
236.25,<music21.chord.Chord F5 B4 E-5 F4 B3 E-4>,"[0, 4, 6]","[11, 3, 5]",Children's Corner 113 6 Eb Major.mid,119,1.25,Debussy
236.75,<music21.chord.Chord E-5 B4 E-4 B3>,"[0, 4]","[11, 3]",Children's Corner 113 6 Eb Major.mid,119,1.75,Debussy
237,<music21.chord.Chord B4 B3>,[0],[11],Children's Corner 113 6 Eb Major.mid,119,2,Debussy
238.25,<music21.chord.Chord G#4 G#3>,[0],[8],Children's Corner 113 6 Eb Major.mid,120,1.25,Debussy
238.5,<music21.chord.Chord F4 F3>,[0],[5],Children's Corner 113 6 Eb Major.mid,120,1.5,Debussy
238.75,<music21.chord.Chord E-4 E-3>,[0],[3],Children's Corner 113 6 Eb Major.mid,120,1.75,Debussy
239,<music21.chord.Chord B3 B2>,[0],[11],Children's Corner 113 6 Eb Major.mid,120,2,Debussy
239.5,<music21.chord.Chord D3 G3 B-1 B-2>,"[0, 3, 7]","[7, 10, 2]",Children's Corner 113 6 Eb Major.mid,120,2.5,Debussy
240.5,<music21.chord.Chord E-3 B-3 F3 G3>,"[0, 2, 4, 7]","[3, 5, 7, 10]",Children's Corner 113 6 Eb Major.mid,121,1.5,Debussy
241,<music21.chord.Chord E-2 B-2>,"[0, 5]","[10, 3]",Children's Corner 113 6 Eb Major.mid,121,2,Debussy
241.5,<music21.chord.Chord E-3 B-3 F3 G3>,"[0, 2, 4, 7]","[3, 5, 7, 10]",Children's Corner 113 6 Eb Major.mid,121,2.5,Debussy
242,<music21.chord.Chord E-2 B-2>,"[0, 5]","[10, 3]",Children's Corner 113 6 Eb Major.mid,122,1,Debussy
244.5,<music21.chord.Chord E-3 B-3 F3 G3>,"[0, 2, 4, 7]","[3, 5, 7, 10]",Children's Corner 113 6 Eb Major.mid,123,1.5,Debussy
245,<music21.chord.Chord E-2 B-2>,"[0, 5]","[10, 3]",Children's Corner 113 6 Eb Major.mid,123,2,Debussy
245.5,<music21.chord.Chord E-3 B-3 F3 G3>,"[0, 2, 4, 7]","[3, 5, 7, 10]",Children's Corner 113 6 Eb Major.mid,123,2.5,Debussy
246,<music21.chord.Chord E-2 B-2>,"[0, 5]","[10, 3]",Children's Corner 113 6 Eb Major.mid,124,1,Debussy
248.5,<music21.chord.Chord E-3 B-3 F3 G3>,"[0, 2, 4, 7]","[3, 5, 7, 10]",Children's Corner 113 6 Eb Major.mid,125,1.5,Debussy
249,<music21.chord.Chord E-2 B-2>,"[0, 5]","[10, 3]",Children's Corner 113 6 Eb Major.mid,125,2,Debussy
249.5,<music21.chord.Chord E-3 B-3 F3 G3>,"[0, 2, 4, 7]","[3, 5, 7, 10]",Children's Corner 113 6 Eb Major.mid,125,2.5,Debussy
251,<music21.chord.Chord B2 B1>,[0],[11],Children's Corner 113 6 Eb Major.mid,126,2,Debussy
251.5,<music21.chord.Chord B-2 B-1>,[0],[10],Children's Corner 113 6 Eb Major.mid,126,2.5,Debussy
251.625,<music21.chord.Chord G#2 G#1>,[0],[8],Children's Corner 113 6 Eb Major.mid,126,2.625,Debussy
251.75,<music21.chord.Chord G2 G1>,[0],[7],Children's Corner 113 6 Eb Major.mid,126,2.75,Debussy
251.875,<music21.chord.Chord F2 F1>,[0],[5],Children's Corner 113 6 Eb Major.mid,126,2.875,Debussy
252,<music21.chord.Chord E-3 E-1 E-2>,[0],[3],Children's Corner 113 6 Eb Major.mid,127,1,Debussy
254,<music21.chord.Chord E-3 E-1 E-2>,[0],[3],Children's Corner 113 6 Eb Major.mid,128,1,Debussy
